latitude,longitude,population_density
24.5,83.5,547.2
24.5,83.5505,602.0
24.5,83.601,594.5
24.5,83.6515,595.3
24.5,83.702,573.2
24.5,83.7525,588.4
24.5,83.803,598.0
24.5,83.8535,682.7
24.5,83.904,684.5
24.5,83.9545,719.4
24.5,84.0051,694.6
24.5,84.0556,805.1
24.5,84.1061,833.5
24.5,84.1566,829.0
24.5,84.2071,877.8
24.5,84.2576,936.2
24.5,84.3081,1011.9
24.5,84.3586,1104.2
24.5,84.4091,1180.7
24.5,84.4596,1263.5
24.5,84.5101,1393.7
24.5,84.5606,1471.0
24.5,84.6111,1608.7
24.5,84.6616,1748.9
24.5,84.7121,1896.6
24.5,84.7626,2065.2
24.5,84.8131,2155.3
24.5,84.8636,2302.4
24.5,84.9141,2403.8
24.5,84.9646,2416.7
24.5,85.0152,2471.4
24.5,85.0657,2397.9
24.5,85.1162,2308.4
24.5,85.1667,2266.4
24.5,85.2172,2135.5
24.5,85.2677,1981.8
24.5,85.3182,1799.6
24.5,85.3687,1645.9
24.5,85.4192,1563.6
24.5,85.4697,1424.7
24.5,85.5202,1290.5
24.5,85.5707,1222.2
24.5,85.6212,1097.4
24.5,85.6717,1089.1
24.5,85.7222,967.7
24.5,85.7727,938.7
24.5,85.8232,856.6
24.5,85.8737,825.9
24.5,85.9242,786.4
24.5,85.9747,721.0
24.5,86.0253,751.9
24.5,86.0758,708.5
24.5,86.1263,705.9
24.5,86.1768,722.0
24.5,86.2273,719.5
24.5,86.2778,768.3
24.5,86.3283,726.0
24.5,86.3788,760.3
24.5,86.4293,775.2
24.5,86.4798,825.5
24.5,86.5303,858.9
24.5,86.5808,877.9
24.5,86.6313,950.3
24.5,86.6818,939.1
24.5,86.7323,957.6
24.5,86.7828,1000.3
24.5,86.8333,986.5
24.5,86.8838,1053.5
24.5,86.9343,1004.7
24.5,86.9848,1081.9
24.5,87.0354,1063.7
24.5,87.0859,1011.5
24.5,87.1364,984.7
24.5,87.1869,1033.6
24.5,87.2374,1005.1
24.5,87.2879,983.9
24.5,87.3384,961.8
24.5,87.3889,878.9
24.5,87.4394,873.6
24.5,87.4899,825.7
24.5,87.5404,857.3
24.5,87.5909,810.6
24.5,87.6414,760.7
24.5,87.6919,714.0
24.5,87.7424,710.1
24.5,87.7929,689.0
24.5,87.8434,700.7
24.5,87.8939,674.4
24.5,87.9444,677.0
24.5,87.9949,628.0
24.5,88.0455,585.4
24.5,88.096,619.9
24.5,88.1465,612.1
24.5,88.197,585.6
24.5,88.2475,593.0
24.5,88.298,562.5
24.5,88.3485,557.4
24.5,88.399,544.4
24.5,88.4495,508.1
24.5,88.5,510.7
24.5508,83.5,521.2
24.5508,83.5505,578.6
24.5508,83.601,563.2
24.5508,83.6515,590.6
24.5508,83.702,636.2
24.5508,83.7525,599.4
24.5508,83.803,630.4
24.5508,83.8535,678.9
24.5508,83.904,660.8
24.5508,83.9545,676.3
24.5508,84.0051,725.0
24.5508,84.0556,751.1
24.5508,84.1061,854.2
24.5508,84.1566,892.3
24.5508,84.2071,932.9
24.5508,84.2576,1014.3
24.5508,84.3081,1080.0
24.5508,84.3586,1111.4
24.5508,84.4091,1259.5
24.5508,84.4596,1334.8
24.5508,84.5101,1472.5
24.5508,84.5606,1609.3
24.5508,84.6111,1706.5
24.5508,84.6616,1846.2
24.5508,84.7121,2022.8
24.5508,84.7626,2212.5
24.5508,84.8131,2416.1
24.5508,84.8636,2578.2
24.5508,84.9141,2637.9
24.5508,84.9646,2756.3
24.5508,85.0152,2762.6
24.5508,85.0657,2693.3
24.5508,85.1162,2574.9
24.5508,85.1667,2443.6
24.5508,85.2172,2323.4
24.5508,85.2677,2099.5
24.5508,85.3182,1944.7
24.5508,85.3687,1798.3
24.5508,85.4192,1622.4
24.5508,85.4697,1535.9
24.5508,85.5202,1413.6
24.5508,85.5707,1248.2
24.5508,85.6212,1171.6
24.5508,85.6717,1070.8
24.5508,85.7222,994.7
24.5508,85.7727,909.1
24.5508,85.8232,897.3
24.5508,85.8737,838.4
24.5508,85.9242,758.3
24.5508,85.9747,738.1
24.5508,86.0253,754.9
24.5508,86.0758,672.3
24.5508,86.1263,658.8
24.5508,86.1768,708.6
24.5508,86.2273,772.4
24.5508,86.2778,739.1
24.5508,86.3283,801.6
24.5508,86.3788,838.6
24.5508,86.4293,828.1
24.5508,86.4798,900.0
24.5508,86.5303,904.7
24.5508,86.5808,959.7
24.5508,86.6313,993.1
24.5508,86.6818,1017.3
24.5508,86.7323,1011.5
24.5508,86.7828,1097.8
24.5508,86.8333,1079.2
24.5508,86.8838,1085.9
24.5508,86.9343,1085.9
24.5508,86.9848,1135.2
24.5508,87.0354,1140.8
24.5508,87.0859,1080.0
24.5508,87.1364,1105.6
24.5508,87.1869,1063.2
24.5508,87.2374,1072.4
24.5508,87.2879,1006.6
24.5508,87.3384,1017.1
24.5508,87.3889,960.1
24.5508,87.4394,970.5
24.5508,87.4899,872.8
24.5508,87.5404,855.9
24.5508,87.5909,805.4
24.5508,87.6414,839.5
24.5508,87.6919,806.5
24.5508,87.7424,729.7
24.5508,87.7929,736.5
24.5508,87.8434,725.7
24.5508,87.8939,683.3
24.5508,87.9444,661.8
24.5508,87.9949,621.1
24.5508,88.0455,593.2
24.5508,88.096,643.2
24.5508,88.1465,630.5
24.5508,88.197,597.6
24.5508,88.2475,563.8
24.5508,88.298,555.5
24.5508,88.3485,579.5
24.5508,88.399,588.2
24.5508,88.4495,582.6
24.5508,88.5,569.5
24.6017,83.5,571.3
24.6017,83.5505,535.8
24.6017,83.601,552.7
24.6017,83.6515,623.9
24.6017,83.702,614.6
24.6017,83.7525,583.1
24.6017,83.803,609.3
24.6017,83.8535,675.8
24.6017,83.904,648.1
24.6017,83.9545,689.2
24.6017,84.0051,753.2
24.6017,84.0556,802.6
24.6017,84.1061,843.0
24.6017,84.1566,858.9
24.6017,84.2071,955.5
24.6017,84.2576,983.4
24.6017,84.3081,1066.0
24.6017,84.3586,1186.1
24.6017,84.4091,1277.0
24.6017,84.4596,1405.2
24.6017,84.5101,1517.1
24.6017,84.5606,1653.7
24.6017,84.6111,1776.9
24.6017,84.6616,1977.7
24.6017,84.7121,2165.3
24.6017,84.7626,2372.9
24.6017,84.8131,2646.6
24.6017,84.8636,2807.4
24.6017,84.9141,3022.6
24.6017,84.9646,3113.5
24.6017,85.0152,3146.6
24.6017,85.0657,3045.6
24.6017,85.1162,2897.7
24.6017,85.1667,2693.1
24.6017,85.2172,2455.1
24.6017,85.2677,2284.3
24.6017,85.3182,2047.2
24.6017,85.3687,1840.8
24.6017,85.4192,1722.2
24.6017,85.4697,1534.2
24.6017,85.5202,1461.5
24.6017,85.5707,1344.5
24.6017,85.6212,1237.5
24.6017,85.6717,1102.8
24.6017,85.7222,994.7
24.6017,85.7727,998.1
24.6017,85.8232,897.3
24.6017,85.8737,887.4
24.6017,85.9242,841.0
24.6017,85.9747,792.1
24.6017,86.0253,712.5
24.6017,86.0758,689.5
24.6017,86.1263,732.5
24.6017,86.1768,714.8
24.6017,86.2273,730.3
24.6017,86.2778,791.1
24.6017,86.3283,853.6
24.6017,86.3788,868.9
24.6017,86.4293,895.3
24.6017,86.4798,895.8
24.6017,86.5303,976.8
24.6017,86.5808,1047.0
24.6017,86.6313,1018.9
24.6017,86.6818,1087.9
24.6017,86.7323,1153.0
24.6017,86.7828,1174.8
24.6017,86.8333,1199.1
24.6017,86.8838,1221.2
24.6017,86.9343,1208.2
24.6017,86.9848,1209.5
24.6017,87.0354,1249.1
24.6017,87.0859,1239.4
24.6017,87.1364,1226.5
24.6017,87.1869,1205.9
24.6017,87.2374,1143.9
24.6017,87.2879,1108.7
24.6017,87.3384,1095.0
24.6017,87.3889,1043.8
24.6017,87.4394,1007.8
24.6017,87.4899,975.3
24.6017,87.5404,943.7
24.6017,87.5909,861.9
24.6017,87.6414,829.2
24.6017,87.6919,773.1
24.6017,87.7424,780.6
24.6017,87.7929,708.4
24.6017,87.8434,716.4
24.6017,87.8939,698.5
24.6017,87.9444,656.2
24.6017,87.9949,660.9
24.6017,88.0455,598.4
24.6017,88.096,583.1
24.6017,88.1465,631.7
24.6017,88.197,582.1
24.6017,88.2475,552.3
24.6017,88.298,577.0
24.6017,88.3485,590.7
24.6017,88.399,540.5
24.6017,88.4495,567.6
24.6017,88.5,519.4
24.6525,83.5,525.0
24.6525,83.5505,572.7
24.6525,83.601,584.3
24.6525,83.6515,604.6
24.6525,83.702,626.1
24.6525,83.7525,662.8
24.6525,83.803,645.3
24.6525,83.8535,652.0
24.6525,83.904,715.3
24.6525,83.9545,702.9
24.6525,84.0051,750.3
24.6525,84.0556,760.7
24.6525,84.1061,801.6
24.6525,84.1566,928.6
24.6525,84.2071,978.4
24.6525,84.2576,1036.1
24.6525,84.3081,1092.3
24.6525,84.3586,1164.5
24.6525,84.4091,1267.6
24.6525,84.4596,1394.8
24.6525,84.5101,1555.5
24.6525,84.5606,1724.8
24.6525,84.6111,1897.7
24.6525,84.6616,2067.3
24.6525,84.7121,2345.1
24.6525,84.7626,2574.2
24.6525,84.8131,2823.7
24.6525,84.8636,3096.9
24.6525,84.9141,3325.7
24.6525,84.9646,3479.7
24.6525,85.0152,3519.7
24.6525,85.0657,3432.6
24.6525,85.1162,3152.1
24.6525,85.1667,2896.7
24.6525,85.2172,2622.9
24.6525,85.2677,2368.0
24.6525,85.3182,2200.0
24.6525,85.3687,1978.4
24.6525,85.4192,1773.8
24.6525,85.4697,1579.4
24.6525,85.5202,1466.6
24.6525,85.5707,1338.9
24.6525,85.6212,1204.6
24.6525,85.6717,1129.2
24.6525,85.7222,1042.6
24.6525,85.7727,987.2
24.6525,85.8232,925.4
24.6525,85.8737,823.1
24.6525,85.9242,801.7
24.6525,85.9747,780.3
24.6525,86.0253,734.5
24.6525,86.0758,731.5
24.6525,86.1263,734.9
24.6525,86.1768,723.2
24.6525,86.2273,746.7
24.6525,86.2778,826.2
24.6525,86.3283,813.6
24.6525,86.3788,898.0
24.6525,86.4293,968.7
24.6525,86.4798,984.2
24.6525,86.5303,1015.8
24.6525,86.5808,1083.9
24.6525,86.6313,1117.0
24.6525,86.6818,1170.8
24.6525,86.7323,1246.8
24.6525,86.7828,1242.6
24.6525,86.8333,1323.0
24.6525,86.8838,1345.6
24.6525,86.9343,1306.9
24.6525,86.9848,1305.1
24.6525,87.0354,1305.5
24.6525,87.0859,1286.6
24.6525,87.1364,1270.9
24.6525,87.1869,1287.8
24.6525,87.2374,1201.9
24.6525,87.2879,1179.7
24.6525,87.3384,1176.2
24.6525,87.3889,1063.1
24.6525,87.4394,1078.4
24.6525,87.4899,988.4
24.6525,87.5404,929.5
24.6525,87.5909,931.9
24.6525,87.6414,885.2
24.6525,87.6919,866.7
24.6525,87.7424,819.7
24.6525,87.7929,792.6
24.6525,87.8434,721.2
24.6525,87.8939,686.0
24.6525,87.9444,707.6
24.6525,87.9949,690.3
24.6525,88.0455,685.5
24.6525,88.096,621.9
24.6525,88.1465,603.2
24.6525,88.197,621.9
24.6525,88.2475,579.3
24.6525,88.298,619.1
24.6525,88.3485,606.2
24.6525,88.399,565.1
24.6525,88.4495,584.5
24.6525,88.5,578.9
24.7034,83.5,529.7
24.7034,83.5505,603.2
24.7034,83.601,582.4
24.7034,83.6515,620.9
24.7034,83.702,595.0
24.7034,83.7525,658.0
24.7034,83.803,637.0
24.7034,83.8535,629.4
24.7034,83.904,727.0
24.7034,83.9545,692.0
24.7034,84.0051,744.9
24.7034,84.0556,835.5
24.7034,84.1061,881.8
24.7034,84.1566,905.0
24.7034,84.2071,971.3
24.7034,84.2576,1027.7
24.7034,84.3081,1097.1
24.7034,84.3586,1194.4
24.7034,84.4091,1330.7
24.7034,84.4596,1462.3
24.7034,84.5101,1609.5
24.7034,84.5606,1774.9
24.7034,84.6111,1908.9
24.7034,84.6616,2158.4
24.7034,84.7121,2370.9
24.7034,84.7626,2690.1
24.7034,84.8131,2993.6
24.7034,84.8636,3367.4
24.7034,84.9141,3664.1
24.7034,84.9646,3913.9
24.7034,85.0152,3971.8
24.7034,85.0657,3819.7
24.7034,85.1162,3484.0
24.7034,85.1667,3099.3
24.7034,85.2172,2774.0
24.7034,85.2677,2530.3
24.7034,85.3182,2219.8
24.7034,85.3687,2050.8
24.7034,85.4192,1841.1
24.7034,85.4697,1616.2
24.7034,85.5202,1464.1
24.7034,85.5707,1403.8
24.7034,85.6212,1239.7
24.7034,85.6717,1139.5
24.7034,85.7222,1088.2
24.7034,85.7727,1023.7
24.7034,85.8232,961.6
24.7034,85.8737,886.5
24.7034,85.9242,807.3
24.7034,85.9747,741.4
24.7034,86.0253,760.1
24.7034,86.0758,717.0
24.7034,86.1263,734.3
24.7034,86.1768,804.1
24.7034,86.2273,775.0
24.7034,86.2778,843.6
24.7034,86.3283,846.8
24.7034,86.3788,928.6
24.7034,86.4293,944.4
24.7034,86.4798,1001.4
24.7034,86.5303,1056.0
24.7034,86.5808,1155.0
24.7034,86.6313,1220.1
24.7034,86.6818,1263.7
24.7034,86.7323,1348.2
24.7034,86.7828,1350.8
24.7034,86.8333,1386.5
24.7034,86.8838,1466.9
24.7034,86.9343,1438.2
24.7034,86.9848,1507.8
24.7034,87.0354,1429.1
24.7034,87.0859,1490.2
24.7034,87.1364,1388.6
24.7034,87.1869,1418.7
24.7034,87.2374,1343.9
24.7034,87.2879,1329.4
24.7034,87.3384,1200.5
24.7034,87.3889,1181.8
24.7034,87.4394,1157.9
24.7034,87.4899,1066.3
24.7034,87.5404,1021.1
24.7034,87.5909,975.7
24.7034,87.6414,909.0
24.7034,87.6919,878.9
24.7034,87.7424,835.3
24.7034,87.7929,824.0
24.7034,87.8434,722.3
24.7034,87.8939,711.3
24.7034,87.9444,738.0
24.7034,87.9949,709.3
24.7034,88.0455,653.2
24.7034,88.096,647.3
24.7034,88.1465,604.1
24.7034,88.197,587.7
24.7034,88.2475,600.7
24.7034,88.298,583.3
24.7034,88.3485,593.5
24.7034,88.399,545.3
24.7034,88.4495,609.8
24.7034,88.5,604.0
24.7542,83.5,577.7
24.7542,83.5505,574.3
24.7542,83.601,567.3
24.7542,83.6515,620.5
24.7542,83.702,624.9
24.7542,83.7525,600.3
24.7542,83.803,679.9
24.7542,83.8535,695.6
24.7542,83.904,732.1
24.7542,83.9545,744.6
24.7542,84.0051,770.8
24.7542,84.0556,795.8
24.7542,84.1061,883.8
24.7542,84.1566,932.7
24.7542,84.2071,929.5
24.7542,84.2576,1000.3
24.7542,84.3081,1111.7
24.7542,84.3586,1242.8
24.7542,84.4091,1368.2
24.7542,84.4596,1429.6
24.7542,84.5101,1613.4
24.7542,84.5606,1767.5
24.7542,84.6111,2012.0
24.7542,84.6616,2229.5
24.7542,84.7121,2491.6
24.7542,84.7626,2763.9
24.7542,84.8131,3106.1
24.7542,84.8636,3489.9
24.7542,84.9141,3914.4
24.7542,84.9646,4426.9
24.7542,85.0152,4552.4
24.7542,85.0657,4174.5
24.7542,85.1162,3719.5
24.7542,85.1667,3269.5
24.7542,85.2172,2920.9
24.7542,85.2677,2615.8
24.7542,85.3182,2330.6
24.7542,85.3687,2041.4
24.7542,85.4192,1848.7
24.7542,85.4697,1641.7
24.7542,85.5202,1550.7
24.7542,85.5707,1386.8
24.7542,85.6212,1238.8
24.7542,85.6717,1172.2
24.7542,85.7222,1079.6
24.7542,85.7727,982.2
24.7542,85.8232,896.4
24.7542,85.8737,883.7
24.7542,85.9242,821.9
24.7542,85.9747,799.0
24.7542,86.0253,741.6
24.7542,86.0758,756.0
24.7542,86.1263,762.8
24.7542,86.1768,798.1
24.7542,86.2273,861.8
24.7542,86.2778,866.6
24.7542,86.3283,892.0
24.7542,86.3788,935.1
24.7542,86.4293,1049.2
24.7542,86.4798,1098.5
24.7542,86.5303,1169.1
24.7542,86.5808,1196.6
24.7542,86.6313,1258.9
24.7542,86.6818,1317.5
24.7542,86.7323,1410.6
24.7542,86.7828,1491.1
24.7542,86.8333,1528.8
24.7542,86.8838,1575.1
24.7542,86.9343,1641.4
24.7542,86.9848,1610.3
24.7542,87.0354,1620.2
24.7542,87.0859,1622.0
24.7542,87.1364,1556.3
24.7542,87.1869,1526.9
24.7542,87.2374,1489.1
24.7542,87.2879,1432.5
24.7542,87.3384,1300.9
24.7542,87.3889,1294.6
24.7542,87.4394,1191.9
24.7542,87.4899,1107.5
24.7542,87.5404,1061.1
24.7542,87.5909,1044.3
24.7542,87.6414,951.1
24.7542,87.6919,888.3
24.7542,87.7424,867.4
24.7542,87.7929,795.0
24.7542,87.8434,745.0
24.7542,87.8939,716.2
24.7542,87.9444,686.7
24.7542,87.9949,662.4
24.7542,88.0455,638.1
24.7542,88.096,660.1
24.7542,88.1465,612.2
24.7542,88.197,614.5
24.7542,88.2475,648.2
24.7542,88.298,604.4
24.7542,88.3485,610.4
24.7542,88.399,561.9
24.7542,88.4495,555.2
24.7542,88.5,535.4
24.8051,83.5,535.4
24.8051,83.5505,553.8
24.8051,83.601,556.8
24.8051,83.6515,562.6
24.8051,83.702,579.9
24.8051,83.7525,624.3
24.8051,83.803,623.7
24.8051,83.8535,659.2
24.8051,83.904,696.7
24.8051,83.9545,742.1
24.8051,84.0051,725.3
24.8051,84.0556,826.8
24.8051,84.1061,860.0
24.8051,84.1566,870.6
24.8051,84.2071,996.7
24.8051,84.2576,1072.9
24.8051,84.3081,1087.8
24.8051,84.3586,1201.8
24.8051,84.4091,1355.8
24.8051,84.4596,1480.1
24.8051,84.5101,1584.0
24.8051,84.5606,1758.1
24.8051,84.6111,1969.8
24.8051,84.6616,2208.4
24.8051,84.7121,2484.2
24.8051,84.7626,2770.3
24.8051,84.8131,3130.8
24.8051,84.8636,3560.5
24.8051,84.9141,3970.8
24.8051,84.9646,4512.2
24.8051,85.0152,4750.4
24.8051,85.0657,4243.7
24.8051,85.1162,3721.0
24.8051,85.1667,3292.3
24.8051,85.2172,2884.5
24.8051,85.2677,2587.7
24.8051,85.3182,2313.8
24.8051,85.3687,2047.4
24.8051,85.4192,1839.0
24.8051,85.4697,1665.3
24.8051,85.5202,1478.9
24.8051,85.5707,1366.4
24.8051,85.6212,1239.3
24.8051,85.6717,1146.1
24.8051,85.7222,1040.9
24.8051,85.7727,1025.8
24.8051,85.8232,935.6
24.8051,85.8737,884.9
24.8051,85.9242,843.9
24.8051,85.9747,777.6
24.8051,86.0253,707.3
24.8051,86.0758,746.0
24.8051,86.1263,783.7
24.8051,86.1768,834.4
24.8051,86.2273,851.8
24.8051,86.2778,874.9
24.8051,86.3283,940.1
24.8051,86.3788,1004.6
24.8051,86.4293,1090.9
24.8051,86.4798,1154.1
24.8051,86.5303,1211.1
24.8051,86.5808,1340.0
24.8051,86.6313,1391.0
24.8051,86.6818,1444.0
24.8051,86.7323,1514.1
24.8051,86.7828,1594.3
24.8051,86.8333,1669.0
24.8051,86.8838,1716.3
24.8051,86.9343,1755.6
24.8051,86.9848,1780.7
24.8051,87.0354,1767.4
24.8051,87.0859,1799.8
24.8051,87.1364,1690.0
24.8051,87.1869,1665.7
24.8051,87.2374,1585.3
24.8051,87.2879,1552.6
24.8051,87.3384,1401.0
24.8051,87.3889,1341.5
24.8051,87.4394,1306.8
24.8051,87.4899,1221.6
24.8051,87.5404,1145.5
24.8051,87.5909,1033.7
24.8051,87.6414,965.3
24.8051,87.6919,949.1
24.8051,87.7424,919.4
24.8051,87.7929,844.2
24.8051,87.8434,804.7
24.8051,87.8939,745.2
24.8051,87.9444,752.2
24.8051,87.9949,677.2
24.8051,88.0455,667.5
24.8051,88.096,662.3
24.8051,88.1465,655.8
24.8051,88.197,622.0
24.8051,88.2475,599.7
24.8051,88.298,627.8
24.8051,88.3485,591.2
24.8051,88.399,604.5
24.8051,88.4495,560.9
24.8051,88.5,578.3
24.8559,83.5,564.3
24.8559,83.5505,535.4
24.8559,83.601,569.2
24.8559,83.6515,565.8
24.8559,83.702,574.9
24.8559,83.7525,666.0
24.8559,83.803,632.2
24.8559,83.8535,693.9
24.8559,83.904,675.7
24.8559,83.9545,740.1
24.8559,84.0051,781.4
24.8559,84.0556,808.6
24.8559,84.1061,845.2
24.8559,84.1566,894.2
24.8559,84.2071,951.3
24.8559,84.2576,1069.4
24.8559,84.3081,1144.1
24.8559,84.3586,1250.3
24.8559,84.4091,1293.0
24.8559,84.4596,1468.4
24.8559,84.5101,1631.2
24.8559,84.5606,1738.9
24.8559,84.6111,1923.4
24.8559,84.6616,2199.8
24.8559,84.7121,2441.3
24.8559,84.7626,2753.3
24.8559,84.8131,3025.8
24.8559,84.8636,3442.8
24.8559,84.9141,3779.0
24.8559,84.9646,4107.1
24.8559,85.0152,4182.2
24.8559,85.0657,3974.7
24.8559,85.1162,3585.6
24.8559,85.1667,3198.4
24.8559,85.2172,2841.5
24.8559,85.2677,2577.3
24.8559,85.3182,2269.7
24.8559,85.3687,2068.7
24.8559,85.4192,1833.8
24.8559,85.4697,1650.7
24.8559,85.5202,1502.9
24.8559,85.5707,1355.8
24.8559,85.6212,1275.0
24.8559,85.6717,1154.4
24.8559,85.7222,1045.2
24.8559,85.7727,1022.8
24.8559,85.8232,915.8
24.8559,85.8737,871.6
24.8559,85.9242,851.3
24.8559,85.9747,786.0
24.8559,86.0253,708.4
24.8559,86.0758,793.0
24.8559,86.1263,804.6
24.8559,86.1768,822.5
24.8559,86.2273,853.5
24.8559,86.2778,958.2
24.8559,86.3283,1002.9
24.8559,86.3788,1061.1
24.8559,86.4293,1161.9
24.8559,86.4798,1232.4
24.8559,86.5303,1267.1
24.8559,86.5808,1371.6
24.8559,86.6313,1463.0
24.8559,86.6818,1601.8
24.8559,86.7323,1643.9
24.8559,86.7828,1781.2
24.8559,86.8333,1881.5
24.8559,86.8838,1960.1
24.8559,86.9343,1965.6
24.8559,86.9848,2026.3
24.8559,87.0354,1963.8
24.8559,87.0859,1989.5
24.8559,87.1364,1874.6
24.8559,87.1869,1819.9
24.8559,87.2374,1762.5
24.8559,87.2879,1613.9
24.8559,87.3384,1520.8
24.8559,87.3889,1461.8
24.8559,87.4394,1366.9
24.8559,87.4899,1271.2
24.8559,87.5404,1192.5
24.8559,87.5909,1104.2
24.8559,87.6414,1011.7
24.8559,87.6919,956.7
24.8559,87.7424,887.6
24.8559,87.7929,895.7
24.8559,87.8434,825.3
24.8559,87.8939,771.3
24.8559,87.9444,741.4
24.8559,87.9949,757.2
24.8559,88.0455,677.8
24.8559,88.096,696.8
24.8559,88.1465,675.1
24.8559,88.197,668.9
24.8559,88.2475,607.4
24.8559,88.298,662.5
24.8559,88.3485,654.8
24.8559,88.399,613.9
24.8559,88.4495,613.6
24.8559,88.5,621.8
24.9068,83.5,577.7
24.9068,83.5505,542.8
24.9068,83.601,587.6
24.9068,83.6515,602.7
24.9068,83.702,602.6
24.9068,83.7525,644.4
24.9068,83.803,679.6
24.9068,83.8535,701.3
24.9068,83.904,689.1
24.9068,83.9545,691.9
24.9068,84.0051,795.9
24.9068,84.0556,823.9
24.9068,84.1061,812.4
24.9068,84.1566,928.7
24.9068,84.2071,985.3
24.9068,84.2576,1027.1
24.9068,84.3081,1113.4
24.9068,84.3586,1190.5
24.9068,84.4091,1269.4
24.9068,84.4596,1414.0
24.9068,84.5101,1591.5
24.9068,84.5606,1688.0
24.9068,84.6111,1897.2
24.9068,84.6616,2110.0
24.9068,84.7121,2355.4
24.9068,84.7626,2646.9
24.9068,84.8131,2885.3
24.9068,84.8636,3182.0
24.9068,84.9141,3493.1
24.9068,84.9646,3671.7
24.9068,85.0152,3692.3
24.9068,85.0657,3565.0
24.9068,85.1162,3282.1
24.9068,85.1667,2990.0
24.9068,85.2172,2724.4
24.9068,85.2677,2447.1
24.9068,85.3182,2241.8
24.9068,85.3687,1979.5
24.9068,85.4192,1804.4
24.9068,85.4697,1639.5
24.9068,85.5202,1442.0
24.9068,85.5707,1365.0
24.9068,85.6212,1213.7
24.9068,85.6717,1178.4
24.9068,85.7222,1028.3
24.9068,85.7727,975.7
24.9068,85.8232,885.1
24.9068,85.8737,902.3
24.9068,85.9242,814.4
24.9068,85.9747,779.9
24.9068,86.0253,702.5
24.9068,86.0758,791.7
24.9068,86.1263,787.9
24.9068,86.1768,887.6
24.9068,86.2273,882.9
24.9068,86.2778,939.0
24.9068,86.3283,991.1
24.9068,86.3788,1098.2
24.9068,86.4293,1186.2
24.9068,86.4798,1235.5
24.9068,86.5303,1390.2
24.9068,86.5808,1470.7
24.9068,86.6313,1589.8
24.9068,86.6818,1701.7
24.9068,86.7323,1819.0
24.9068,86.7828,1949.1
24.9068,86.8333,2024.5
24.9068,86.8838,2116.4
24.9068,86.9343,2234.2
24.9068,86.9848,2270.7
24.9068,87.0354,2217.4
24.9068,87.0859,2165.2
24.9068,87.1364,2120.2
24.9068,87.1869,2003.3
24.9068,87.2374,1860.2
24.9068,87.2879,1751.3
24.9068,87.3384,1675.9
24.9068,87.3889,1554.4
24.9068,87.4394,1393.2
24.9068,87.4899,1305.8
24.9068,87.5404,1212.0
24.9068,87.5909,1161.6
24.9068,87.6414,1032.2
24.9068,87.6919,969.8
24.9068,87.7424,964.0
24.9068,87.7929,859.7
24.9068,87.8434,849.5
24.9068,87.8939,773.8
24.9068,87.9444,737.7
24.9068,87.9949,730.4
24.9068,88.0455,750.0
24.9068,88.096,742.3
24.9068,88.1465,722.5
24.9068,88.197,670.8
24.9068,88.2475,676.3
24.9068,88.298,624.0
24.9068,88.3485,616.8
24.9068,88.399,651.8
24.9068,88.4495,569.0
24.9068,88.5,563.6
24.9576,83.5,536.9
24.9576,83.5505,531.7
24.9576,83.601,554.8
24.9576,83.6515,599.3
24.9576,83.702,600.7
24.9576,83.7525,654.8
24.9576,83.803,667.8
24.9576,83.8535,651.6
24.9576,83.904,670.2
24.9576,83.9545,708.8
24.9576,84.0051,759.1
24.9576,84.0556,771.8
24.9576,84.1061,844.6
24.9576,84.1566,878.4
24.9576,84.2071,948.4
24.9576,84.2576,1006.3
24.9576,84.3081,1072.1
24.9576,84.3586,1212.9
24.9576,84.4091,1299.2
24.9576,84.4596,1364.8
24.9576,84.5101,1554.5
24.9576,84.5606,1673.0
24.9576,84.6111,1873.5
24.9576,84.6616,2053.8
24.9576,84.7121,2231.2
24.9576,84.7626,2423.5
24.9576,84.8131,2677.9
24.9576,84.8636,2930.4
24.9576,84.9141,3138.0
24.9576,84.9646,3238.9
24.9576,85.0152,3253.2
24.9576,85.0657,3217.3
24.9576,85.1162,3051.5
24.9576,85.1667,2792.4
24.9576,85.2172,2528.7
24.9576,85.2677,2307.0
24.9576,85.3182,2072.0
24.9576,85.3687,1947.8
24.9576,85.4192,1708.3
24.9576,85.4697,1588.5
24.9576,85.5202,1426.1
24.9576,85.5707,1326.8
24.9576,85.6212,1228.0
24.9576,85.6717,1148.9
24.9576,85.7222,1017.6
24.9576,85.7727,930.9
24.9576,85.8232,879.0
24.9576,85.8737,886.2
24.9576,85.9242,837.3
24.9576,85.9747,774.4
24.9576,86.0253,755.8
24.9576,86.0758,797.7
24.9576,86.1263,800.5
24.9576,86.1768,907.5
24.9576,86.2273,922.4
24.9576,86.2778,981.5
24.9576,86.3283,1062.6
24.9576,86.3788,1104.2
24.9576,86.4293,1203.0
24.9576,86.4798,1348.4
24.9576,86.5303,1406.7
24.9576,86.5808,1570.1
24.9576,86.6313,1673.5
24.9576,86.6818,1825.7
24.9576,86.7323,1963.6
24.9576,86.7828,2114.7
24.9576,86.8333,2280.9
24.9576,86.8838,2364.6
24.9576,86.9343,2470.9
24.9576,86.9848,2504.1
24.9576,87.0354,2508.8
24.9576,87.0859,2471.3
24.9576,87.1364,2355.6
24.9576,87.1869,2187.4
24.9576,87.2374,2031.0
24.9576,87.2879,1902.8
24.9576,87.3384,1785.1
24.9576,87.3889,1604.0
24.9576,87.4394,1511.6
24.9576,87.4899,1402.2
24.9576,87.5404,1274.9
24.9576,87.5909,1214.4
24.9576,87.6414,1076.1
24.9576,87.6919,998.0
24.9576,87.7424,983.4
24.9576,87.7929,905.9
24.9576,87.8434,869.5
24.9576,87.8939,823.0
24.9576,87.9444,785.8
24.9576,87.9949,809.3
24.9576,88.0455,785.7
24.9576,88.096,755.8
24.9576,88.1465,701.3
24.9576,88.197,707.0
24.9576,88.2475,670.0
24.9576,88.298,631.0
24.9576,88.3485,680.8
24.9576,88.399,603.4
24.9576,88.4495,654.6
24.9576,88.5,601.7
25.0085,83.5,534.0
25.0085,83.5505,571.6
25.0085,83.601,608.6
25.0085,83.6515,609.4
25.0085,83.702,629.2
25.0085,83.7525,633.4
25.0085,83.803,654.5
25.0085,83.8535,688.3
25.0085,83.904,664.7
25.0085,83.9545,711.9
25.0085,84.0051,722.7
25.0085,84.0556,821.1
25.0085,84.1061,860.1
25.0085,84.1566,836.5
25.0085,84.2071,945.6
25.0085,84.2576,1027.1
25.0085,84.3081,1040.5
25.0085,84.3586,1154.7
25.0085,84.4091,1277.1
25.0085,84.4596,1313.7
25.0085,84.5101,1487.7
25.0085,84.5606,1591.2
25.0085,84.6111,1792.1
25.0085,84.6616,1961.4
25.0085,84.7121,2138.0
25.0085,84.7626,2288.1
25.0085,84.8131,2508.1
25.0085,84.8636,2683.6
25.0085,84.9141,2786.6
25.0085,84.9646,2917.4
25.0085,85.0152,2869.9
25.0085,85.0657,2852.7
25.0085,85.1162,2697.5
25.0085,85.1667,2522.0
25.0085,85.2172,2332.4
25.0085,85.2677,2192.5
25.0085,85.3182,1981.0
25.0085,85.3687,1840.6
25.0085,85.4192,1631.1
25.0085,85.4697,1509.5
25.0085,85.5202,1400.8
25.0085,85.5707,1308.4
25.0085,85.6212,1171.2
25.0085,85.6717,1108.1
25.0085,85.7222,1052.0
25.0085,85.7727,963.0
25.0085,85.8232,873.4
25.0085,85.8737,805.2
25.0085,85.9242,828.0
25.0085,85.9747,720.9
25.0085,86.0253,787.0
25.0085,86.0758,798.1
25.0085,86.1263,875.2
25.0085,86.1768,914.8
25.0085,86.2273,988.9
25.0085,86.2778,1003.4
25.0085,86.3283,1112.4
25.0085,86.3788,1169.2
25.0085,86.4293,1272.9
25.0085,86.4798,1394.7
25.0085,86.5303,1537.8
25.0085,86.5808,1684.2
25.0085,86.6313,1818.7
25.0085,86.6818,1955.4
25.0085,86.7323,2130.8
25.0085,86.7828,2335.9
25.0085,86.8333,2470.8
25.0085,86.8838,2615.7
25.0085,86.9343,2750.9
25.0085,86.9848,2802.0
25.0085,87.0354,2788.3
25.0085,87.0859,2701.0
25.0085,87.1364,2551.7
25.0085,87.1869,2384.6
25.0085,87.2374,2283.9
25.0085,87.2879,2060.3
25.0085,87.3384,1885.4
25.0085,87.3889,1749.2
25.0085,87.4394,1566.2
25.0085,87.4899,1492.9
25.0085,87.5404,1361.8
25.0085,87.5909,1201.2
25.0085,87.6414,1134.7
25.0085,87.6919,1089.9
25.0085,87.7424,1023.4
25.0085,87.7929,922.2
25.0085,87.8434,907.9
25.0085,87.8939,846.4
25.0085,87.9444,885.9
25.0085,87.9949,798.8
25.0085,88.0455,829.7
25.0085,88.096,781.1
25.0085,88.1465,753.7
25.0085,88.197,723.3
25.0085,88.2475,679.3
25.0085,88.298,655.0
25.0085,88.3485,640.0
25.0085,88.399,620.4
25.0085,88.4495,652.3
25.0085,88.5,603.8
25.0593,83.5,522.5
25.0593,83.5505,604.2
25.0593,83.601,607.5
25.0593,83.6515,622.7
25.0593,83.702,641.5
25.0593,83.7525,591.3
25.0593,83.803,626.9
25.0593,83.8535,676.2
25.0593,83.904,694.7
25.0593,83.9545,678.2
25.0593,84.0051,762.0
25.0593,84.0556,750.0
25.0593,84.1061,790.3
25.0593,84.1566,861.5
25.0593,84.2071,918.7
25.0593,84.2576,977.6
25.0593,84.3081,1006.7
25.0593,84.3586,1146.8
25.0593,84.4091,1185.0
25.0593,84.4596,1272.0
25.0593,84.5101,1442.1
25.0593,84.5606,1568.6
25.0593,84.6111,1693.7
25.0593,84.6616,1832.7
25.0593,84.7121,1971.4
25.0593,84.7626,2117.5
25.0593,84.8131,2230.8
25.0593,84.8636,2392.1
25.0593,84.9141,2496.4
25.0593,84.9646,2551.7
25.0593,85.0152,2600.0
25.0593,85.0657,2537.8
25.0593,85.1162,2413.0
25.0593,85.1667,2298.2
25.0593,85.2172,2189.3
25.0593,85.2677,1986.8
25.0593,85.3182,1895.7
25.0593,85.3687,1720.5
25.0593,85.4192,1582.3
25.0593,85.4697,1465.4
25.0593,85.5202,1370.0
25.0593,85.5707,1229.4
25.0593,85.6212,1164.5
25.0593,85.6717,1074.4
25.0593,85.7222,978.8
25.0593,85.7727,964.6
25.0593,85.8232,902.6
25.0593,85.8737,843.4
25.0593,85.9242,821.8
25.0593,85.9747,789.6
25.0593,86.0253,786.0
25.0593,86.0758,832.2
25.0593,86.1263,867.4
25.0593,86.1768,919.4
25.0593,86.2273,975.6
25.0593,86.2778,1056.5
25.0593,86.3283,1089.4
25.0593,86.3788,1239.1
25.0593,86.4293,1343.4
25.0593,86.4798,1395.4
25.0593,86.5303,1594.5
25.0593,86.5808,1691.6
25.0593,86.6313,1879.2
25.0593,86.6818,2101.4
25.0593,86.7323,2261.3
25.0593,86.7828,2533.0
25.0593,86.8333,2756.0
25.0593,86.8838,2936.6
25.0593,86.9343,3058.7
25.0593,86.9848,3163.6
25.0593,87.0354,3168.7
25.0593,87.0859,3079.4
25.0593,87.1364,2867.4
25.0593,87.1869,2622.1
25.0593,87.2374,2429.6
25.0593,87.2879,2207.2
25.0593,87.3384,2026.3
25.0593,87.3889,1790.2
25.0593,87.4394,1678.9
25.0593,87.4899,1515.6
25.0593,87.5404,1420.5
25.0593,87.5909,1257.3
25.0593,87.6414,1181.0
25.0593,87.6919,1117.8
25.0593,87.7424,979.7
25.0593,87.7929,1018.7
25.0593,87.8434,969.0
25.0593,87.8939,888.5
25.0593,87.9444,875.7
25.0593,87.9949,877.1
25.0593,88.0455,795.4
25.0593,88.096,807.2
25.0593,88.1465,760.4
25.0593,88.197,756.1
25.0593,88.2475,685.6
25.0593,88.298,728.9
25.0593,88.3485,716.2
25.0593,88.399,696.7
25.0593,88.4495,661.7
25.0593,88.5,596.4
25.1102,83.5,576.9
25.1102,83.5505,526.7
25.1102,83.601,536.3
25.1102,83.6515,571.7
25.1102,83.702,597.8
25.1102,83.7525,635.2
25.1102,83.803,645.2
25.1102,83.8535,645.7
25.1102,83.904,654.3
25.1102,83.9545,737.7
25.1102,84.0051,721.2
25.1102,84.0556,756.6
25.1102,84.1061,771.6
25.1102,84.1566,865.4
25.1102,84.2071,906.5
25.1102,84.2576,924.3
25.1102,84.3081,976.1
25.1102,84.3586,1094.8
25.1102,84.4091,1172.0
25.1102,84.4596,1229.7
25.1102,84.5101,1381.4
25.1102,84.5606,1424.0
25.1102,84.6111,1561.6
25.1102,84.6616,1724.5
25.1102,84.7121,1808.7
25.1102,84.7626,1952.1
25.1102,84.8131,2052.1
25.1102,84.8636,2146.9
25.1102,84.9141,2284.1
25.1102,84.9646,2285.5
25.1102,85.0152,2332.4
25.1102,85.0657,2247.1
25.1102,85.1162,2177.6
25.1102,85.1667,2066.9
25.1102,85.2172,2002.1
25.1102,85.2677,1855.3
25.1102,85.3182,1768.3
25.1102,85.3687,1612.9
25.1102,85.4192,1534.5
25.1102,85.4697,1361.7
25.1102,85.5202,1315.2
25.1102,85.5707,1221.6
25.1102,85.6212,1154.3
25.1102,85.6717,1096.8
25.1102,85.7222,1030.7
25.1102,85.7727,965.0
25.1102,85.8232,875.1
25.1102,85.8737,821.5
25.1102,85.9242,851.2
25.1102,85.9747,789.7
25.1102,86.0253,826.4
25.1102,86.0758,828.1
25.1102,86.1263,830.1
25.1102,86.1768,886.0
25.1102,86.2273,994.5
25.1102,86.2778,1047.4
25.1102,86.3283,1113.3
25.1102,86.3788,1233.4
25.1102,86.4293,1310.3
25.1102,86.4798,1479.1
25.1102,86.5303,1599.8
25.1102,86.5808,1808.2
25.1102,86.6313,1957.8
25.1102,86.6818,2182.2
25.1102,86.7323,2384.3
25.1102,86.7828,2649.8
25.1102,86.8333,2952.1
25.1102,86.8838,3233.9
25.1102,86.9343,3477.5
25.1102,86.9848,3580.9
25.1102,87.0354,3579.3
25.1102,87.0859,3413.3
25.1102,87.1364,3150.1
25.1102,87.1869,2812.1
25.1102,87.2374,2575.7
25.1102,87.2879,2293.8
25.1102,87.3384,2077.0
25.1102,87.3889,1933.6
25.1102,87.4394,1686.7
25.1102,87.4899,1557.6
25.1102,87.5404,1429.0
25.1102,87.5909,1315.1
25.1102,87.6414,1198.5
25.1102,87.6919,1076.5
25.1102,87.7424,1071.5
25.1102,87.7929,1053.1
25.1102,87.8434,982.8
25.1102,87.8939,966.7
25.1102,87.9444,904.0
25.1102,87.9949,870.8
25.1102,88.0455,860.6
25.1102,88.096,805.3
25.1102,88.1465,807.8
25.1102,88.197,787.4
25.1102,88.2475,768.3
25.1102,88.298,694.5
25.1102,88.3485,668.3
25.1102,88.399,641.9
25.1102,88.4495,665.0
25.1102,88.5,653.1
25.161,83.5,517.0
25.161,83.5505,597.5
25.161,83.601,536.1
25.161,83.6515,586.1
25.161,83.702,611.8
25.161,83.7525,638.9
25.161,83.803,642.5
25.161,83.8535,668.0
25.161,83.904,652.2
25.161,83.9545,714.3
25.161,84.0051,683.0
25.161,84.0556,779.4
25.161,84.1061,787.1
25.161,84.1566,848.9
25.161,84.2071,865.1
25.161,84.2576,931.6
25.161,84.3081,979.7
25.161,84.3586,1060.2
25.161,84.4091,1079.5
25.161,84.4596,1156.4
25.161,84.5101,1257.2
25.161,84.5606,1343.0
25.161,84.6111,1498.6
25.161,84.6616,1549.4
25.161,84.7121,1714.3
25.161,84.7626,1765.4
25.161,84.8131,1847.8
25.161,84.8636,1977.7
25.161,84.9141,2028.6
25.161,84.9646,2051.4
25.161,85.0152,2062.0
25.161,85.0657,2051.0
25.161,85.1162,1960.1
25.161,85.1667,1947.4
25.161,85.2172,1855.5
25.161,85.2677,1754.2
25.161,85.3182,1656.1
25.161,85.3687,1621.2
25.161,85.4192,1492.0
25.161,85.4697,1404.8
25.161,85.5202,1338.9
25.161,85.5707,1273.4
25.161,85.6212,1227.7
25.161,85.6717,1143.0
25.161,85.7222,1076.4
25.161,85.7727,988.8
25.161,85.8232,925.8
25.161,85.8737,876.8
25.161,85.9242,880.3
25.161,85.9747,771.9
25.161,86.0253,868.5
25.161,86.0758,877.0
25.161,86.1263,898.2
25.161,86.1768,953.8
25.161,86.2273,988.0
25.161,86.2778,1094.4
25.161,86.3283,1183.6
25.161,86.3788,1245.7
25.161,86.4293,1349.7
25.161,86.4798,1508.1
25.161,86.5303,1687.0
25.161,86.5808,1807.0
25.161,86.6313,2042.2
25.161,86.6818,2274.2
25.161,86.7323,2545.9
25.161,86.7828,2795.8
25.161,86.8333,3174.1
25.161,86.8838,3545.1
25.161,86.9343,3830.0
25.161,86.9848,4055.2
25.161,87.0354,4052.0
25.161,87.0859,3698.9
25.161,87.1364,3397.0
25.161,87.1869,3019.8
25.161,87.2374,2681.7
25.161,87.2879,2447.4
25.161,87.3384,2163.0
25.161,87.3889,1949.3
25.161,87.4394,1745.5
25.161,87.4899,1597.6
25.161,87.5404,1418.3
25.161,87.5909,1310.6
25.161,87.6414,1275.8
25.161,87.6919,1186.9
25.161,87.7424,1181.5
25.161,87.7929,1113.9
25.161,87.8434,1106.4
25.161,87.8939,1010.6
25.161,87.9444,1033.4
25.161,87.9949,948.7
25.161,88.0455,889.6
25.161,88.096,837.0
25.161,88.1465,807.6
25.161,88.197,801.1
25.161,88.2475,754.7
25.161,88.298,765.0
25.161,88.3485,706.7
25.161,88.399,668.2
25.161,88.4495,676.1
25.161,88.5,663.9
25.2119,83.5,525.8
25.2119,83.5505,533.7
25.2119,83.601,532.1
25.2119,83.6515,598.3
25.2119,83.702,604.2
25.2119,83.7525,602.5
25.2119,83.803,647.3
25.2119,83.8535,661.7
25.2119,83.904,663.9
25.2119,83.9545,709.1
25.2119,84.0051,681.7
25.2119,84.0556,703.2
25.2119,84.1061,748.7
25.2119,84.1566,768.7
25.2119,84.2071,848.2
25.2119,84.2576,927.3
25.2119,84.3081,907.4
25.2119,84.3586,971.7
25.2119,84.4091,1061.5
25.2119,84.4596,1169.4
25.2119,84.5101,1194.9
25.2119,84.5606,1290.1
25.2119,84.6111,1336.8
25.2119,84.6616,1431.6
25.2119,84.7121,1584.8
25.2119,84.7626,1665.9
25.2119,84.8131,1664.6
25.2119,84.8636,1804.0
25.2119,84.9141,1826.4
25.2119,84.9646,1913.3
25.2119,85.0152,1951.3
25.2119,85.0657,2005.3
25.2119,85.1162,2025.6
25.2119,85.1667,2033.2
25.2119,85.2172,1956.1
25.2119,85.2677,1887.6
25.2119,85.3182,1830.9
25.2119,85.3687,1770.5
25.2119,85.4192,1631.0
25.2119,85.4697,1567.0
25.2119,85.5202,1490.4
25.2119,85.5707,1323.9
25.2119,85.6212,1279.4
25.2119,85.6717,1177.0
25.2119,85.7222,1133.9
25.2119,85.7727,1008.6
25.2119,85.8232,986.8
25.2119,85.8737,941.9
25.2119,85.9242,900.1
25.2119,85.9747,858.0
25.2119,86.0253,878.5
25.2119,86.0758,925.2
25.2119,86.1263,983.5
25.2119,86.1768,998.5
25.2119,86.2273,993.9
25.2119,86.2778,1105.1
25.2119,86.3283,1174.3
25.2119,86.3788,1275.5
25.2119,86.4293,1356.7
25.2119,86.4798,1528.4
25.2119,86.5303,1664.6
25.2119,86.5808,1866.9
25.2119,86.6313,2033.1
25.2119,86.6818,2319.2
25.2119,86.7323,2625.6
25.2119,86.7828,2870.9
25.2119,86.8333,3314.6
25.2119,86.8838,3690.8
25.2119,86.9343,4198.9
25.2119,86.9848,4629.9
25.2119,87.0354,4460.4
25.2119,87.0859,3995.2
25.2119,87.1364,3553.3
25.2119,87.1869,3114.9
25.2119,87.2374,2759.2
25.2119,87.2879,2482.6
25.2119,87.3384,2230.3
25.2119,87.3889,1998.1
25.2119,87.4394,1802.8
25.2119,87.4899,1602.3
25.2119,87.5404,1484.3
25.2119,87.5909,1349.8
25.2119,87.6414,1352.2
25.2119,87.6919,1269.4
25.2119,87.7424,1249.0
25.2119,87.7929,1202.3
25.2119,87.8434,1152.3
25.2119,87.8939,1123.1
25.2119,87.9444,1046.0
25.2119,87.9949,999.9
25.2119,88.0455,934.5
25.2119,88.096,899.7
25.2119,88.1465,845.5
25.2119,88.197,793.9
25.2119,88.2475,800.4
25.2119,88.298,773.0
25.2119,88.3485,739.6
25.2119,88.399,700.5
25.2119,88.4495,670.0
25.2119,88.5,687.4
25.2627,83.5,558.4
25.2627,83.5505,560.3
25.2627,83.601,529.5
25.2627,83.6515,563.2
25.2627,83.702,577.3
25.2627,83.7525,591.4
25.2627,83.803,620.3
25.2627,83.8535,632.8
25.2627,83.904,657.3
25.2627,83.9545,690.8
25.2627,84.0051,718.4
25.2627,84.0556,737.6
25.2627,84.1061,786.7
25.2627,84.1566,745.6
25.2627,84.2071,797.6
25.2627,84.2576,824.6
25.2627,84.3081,922.4
25.2627,84.3586,993.7
25.2627,84.4091,997.4
25.2627,84.4596,1112.7
25.2627,84.5101,1108.2
25.2627,84.5606,1246.6
25.2627,84.6111,1271.0
25.2627,84.6616,1347.5
25.2627,84.7121,1486.5
25.2627,84.7626,1583.9
25.2627,84.8131,1707.3
25.2627,84.8636,1832.3
25.2627,84.9141,1992.2
25.2627,84.9646,2081.5
25.2627,85.0152,2155.3
25.2627,85.0657,2243.9
25.2627,85.1162,2282.3
25.2627,85.1667,2238.0
25.2627,85.2172,2202.9
25.2627,85.2677,2101.4
25.2627,85.3182,2004.7
25.2627,85.3687,1928.9
25.2627,85.4192,1766.6
25.2627,85.4697,1671.2
25.2627,85.5202,1566.9
25.2627,85.5707,1406.2
25.2627,85.6212,1338.7
25.2627,85.6717,1218.2
25.2627,85.7222,1188.1
25.2627,85.7727,1071.8
25.2627,85.8232,1027.9
25.2627,85.8737,945.5
25.2627,85.9242,850.1
25.2627,85.9747,891.1
25.2627,86.0253,957.5
25.2627,86.0758,972.7
25.2627,86.1263,1035.2
25.2627,86.1768,1086.5
25.2627,86.2273,1080.3
25.2627,86.2778,1124.3
25.2627,86.3283,1199.1
25.2627,86.3788,1254.7
25.2627,86.4293,1407.2
25.2627,86.4798,1548.5
25.2627,86.5303,1662.4
25.2627,86.5808,1835.1
25.2627,86.6313,2088.7
25.2627,86.6818,2290.8
25.2627,86.7323,2614.5
25.2627,86.7828,2905.3
25.2627,86.8333,3296.3
25.2627,86.8838,3676.5
25.2627,86.9343,4199.7
25.2627,86.9848,4658.5
25.2627,87.0354,4497.8
25.2627,87.0859,3964.9
25.2627,87.1364,3550.6
25.2627,87.1869,3157.1
25.2627,87.2374,2754.1
25.2627,87.2879,2439.6
25.2627,87.3384,2169.5
25.2627,87.3889,1989.9
25.2627,87.4394,1788.7
25.2627,87.4899,1612.1
25.2627,87.5404,1520.2
25.2627,87.5909,1505.5
25.2627,87.6414,1482.1
25.2627,87.6919,1424.8
25.2627,87.7424,1407.4
25.2627,87.7929,1278.2
25.2627,87.8434,1259.6
25.2627,87.8939,1172.9
25.2627,87.9444,1112.8
25.2627,87.9949,1076.4
25.2627,88.0455,1018.1
25.2627,88.096,989.6
25.2627,88.1465,872.1
25.2627,88.197,825.8
25.2627,88.2475,835.1
25.2627,88.298,787.0
25.2627,88.3485,729.9
25.2627,88.399,685.0
25.2627,88.4495,659.4
25.2627,88.5,700.8
25.3136,83.5,539.0
25.3136,83.5505,555.5
25.3136,83.601,554.1
25.3136,83.6515,570.9
25.3136,83.702,554.9
25.3136,83.7525,597.9
25.3136,83.803,573.1
25.3136,83.8535,646.9
25.3136,83.904,618.7
25.3136,83.9545,662.6
25.3136,84.0051,711.6
25.3136,84.0556,717.8
25.3136,84.1061,735.8
25.3136,84.1566,749.8
25.3136,84.2071,784.6
25.3136,84.2576,849.3
25.3136,84.3081,917.3
25.3136,84.3586,945.9
25.3136,84.4091,1000.3
25.3136,84.4596,1085.2
25.3136,84.5101,1144.4
25.3136,84.5606,1202.4
25.3136,84.6111,1343.8
25.3136,84.6616,1488.0
25.3136,84.7121,1549.3
25.3136,84.7626,1725.0
25.3136,84.8131,1829.5
25.3136,84.8636,2005.6
25.3136,84.9141,2119.7
25.3136,84.9646,2288.8
25.3136,85.0152,2433.7
25.3136,85.0657,2487.8
25.3136,85.1162,2553.8
25.3136,85.1667,2552.2
25.3136,85.2172,2500.0
25.3136,85.2677,2340.9
25.3136,85.3182,2222.8
25.3136,85.3687,2057.2
25.3136,85.4192,1974.2
25.3136,85.4697,1821.7
25.3136,85.5202,1650.9
25.3136,85.5707,1545.2
25.3136,85.6212,1400.8
25.3136,85.6717,1301.6
25.3136,85.7222,1162.5
25.3136,85.7727,1130.0
25.3136,85.8232,1003.7
25.3136,85.8737,992.4
25.3136,85.9242,934.6
25.3136,85.9747,936.3
25.3136,86.0253,929.7
25.3136,86.0758,1001.4
25.3136,86.1263,1051.0
25.3136,86.1768,1113.4
25.3136,86.2273,1146.9
25.3136,86.2778,1269.6
25.3136,86.3283,1291.3
25.3136,86.3788,1319.5
25.3136,86.4293,1368.5
25.3136,86.4798,1498.8
25.3136,86.5303,1664.9
25.3136,86.5808,1835.1
25.3136,86.6313,2070.7
25.3136,86.6818,2269.8
25.3136,86.7323,2575.3
25.3136,86.7828,2865.3
25.3136,86.8333,3150.7
25.3136,86.8838,3572.6
25.3136,86.9343,3864.5
25.3136,86.9848,4156.4
25.3136,87.0354,4054.5
25.3136,87.0859,3788.0
25.3136,87.1364,3419.8
25.3136,87.1869,3059.7
25.3136,87.2374,2735.5
25.3136,87.2879,2409.8
25.3136,87.3384,2139.6
25.3136,87.3889,1944.7
25.3136,87.4394,1734.0
25.3136,87.4899,1735.4
25.3136,87.5404,1690.4
25.3136,87.5909,1705.7
25.3136,87.6414,1628.7
25.3136,87.6919,1581.3
25.3136,87.7424,1456.1
25.3136,87.7929,1439.8
25.3136,87.8434,1368.3
25.3136,87.8939,1258.0
25.3136,87.9444,1194.5
25.3136,87.9949,1137.8
25.3136,88.0455,1025.8
25.3136,88.096,992.2
25.3136,88.1465,929.0
25.3136,88.197,859.1
25.3136,88.2475,831.8
25.3136,88.298,767.5
25.3136,88.3485,728.0
25.3136,88.399,704.6
25.3136,88.4495,742.3
25.3136,88.5,684.0
25.3644,83.5,608.5
25.3644,83.5505,572.7
25.3644,83.601,570.3
25.3644,83.6515,593.4
25.3644,83.702,596.0
25.3644,83.7525,577.5
25.3644,83.803,628.7
25.3644,83.8535,603.3
25.3644,83.904,644.0
25.3644,83.9545,661.0
25.3644,84.0051,641.8
25.3644,84.0556,660.3
25.3644,84.1061,747.5
25.3644,84.1566,755.8
25.3644,84.2071,762.7
25.3644,84.2576,882.4
25.3644,84.3081,858.7
25.3644,84.3586,968.4
25.3644,84.4091,1058.6
25.3644,84.4596,1075.5
25.3644,84.5101,1154.8
25.3644,84.5606,1251.8
25.3644,84.6111,1377.8
25.3644,84.6616,1487.0
25.3644,84.7121,1674.0
25.3644,84.7626,1778.0
25.3644,84.8131,1981.8
25.3644,84.8636,2199.7
25.3644,84.9141,2369.2
25.3644,84.9646,2532.9
25.3644,85.0152,2667.7
25.3644,85.0657,2812.0
25.3644,85.1162,2861.3
25.3644,85.1667,2836.2
25.3644,85.2172,2725.3
25.3644,85.2677,2645.8
25.3644,85.3182,2439.9
25.3644,85.3687,2236.3
25.3644,85.4192,2067.4
25.3644,85.4697,1896.7
25.3644,85.5202,1767.7
25.3644,85.5707,1612.4
25.3644,85.6212,1482.0
25.3644,85.6717,1302.4
25.3644,85.7222,1229.2
25.3644,85.7727,1141.2
25.3644,85.8232,1022.1
25.3644,85.8737,969.2
25.3644,85.9242,997.2
25.3644,85.9747,943.0
25.3644,86.0253,1017.5
25.3644,86.0758,1050.1
25.3644,86.1263,1095.6
25.3644,86.1768,1178.4
25.3644,86.2273,1303.2
25.3644,86.2778,1355.3
25.3644,86.3283,1431.9
25.3644,86.3788,1453.5
25.3644,86.4293,1475.3
25.3644,86.4798,1552.0
25.3644,86.5303,1619.1
25.3644,86.5808,1817.7
25.3644,86.6313,1948.3
25.3644,86.6818,2194.5
25.3644,86.7323,2408.2
25.3644,86.7828,2687.1
25.3644,86.8333,3003.0
25.3644,86.8838,3265.1
25.3644,86.9343,3500.7
25.3644,86.9848,3637.2
25.3644,87.0354,3606.5
25.3644,87.0859,3444.6
25.3644,87.1364,3187.0
25.3644,87.1869,2905.9
25.3644,87.2374,2615.5
25.3644,87.2879,2322.1
25.3644,87.3384,2121.5
25.3644,87.3889,1896.4
25.3644,87.4394,1888.1
25.3644,87.4899,1937.6
25.3644,87.5404,1851.1
25.3644,87.5909,1875.1
25.3644,87.6414,1775.8
25.3644,87.6919,1711.9
25.3644,87.7424,1626.9
25.3644,87.7929,1554.7
25.3644,87.8434,1442.3
25.3644,87.8939,1350.9
25.3644,87.9444,1221.6
25.3644,87.9949,1177.6
25.3644,88.0455,1074.1
25.3644,88.096,1053.2
25.3644,88.1465,973.6
25.3644,88.197,931.5
25.3644,88.2475,830.7
25.3644,88.298,789.8
25.3644,88.3485,800.8
25.3644,88.399,714.3
25.3644,88.4495,683.3
25.3644,88.5,651.4
25.4153,83.5,616.0
25.4153,83.5505,606.3
25.4153,83.601,584.0
25.4153,83.6515,588.2
25.4153,83.702,601.7
25.4153,83.7525,645.3
25.4153,83.803,646.0
25.4153,83.8535,617.9
25.4153,83.904,627.1
25.4153,83.9545,631.0
25.4153,84.0051,686.8
25.4153,84.0556,721.8
25.4153,84.1061,712.6
25.4153,84.1566,728.4
25.4153,84.2071,773.9
25.4153,84.2576,891.6
25.4153,84.3081,891.5
25.4153,84.3586,991.2
25.4153,84.4091,1050.4
25.4153,84.4596,1112.2
25.4153,84.5101,1191.0
25.4153,84.5606,1290.4
25.4153,84.6111,1450.7
25.4153,84.6616,1600.6
25.4153,84.7121,1745.1
25.4153,84.7626,1909.8
25.4153,84.8131,2063.7
25.4153,84.8636,2348.5
25.4153,84.9141,2559.1
25.4153,84.9646,2746.5
25.4153,85.0152,3014.4
25.4153,85.0657,3151.5
25.4153,85.1162,3233.7
25.4153,85.1667,3221.7
25.4153,85.2172,3100.7
25.4153,85.2677,2895.8
25.4153,85.3182,2630.8
25.4153,85.3687,2419.7
25.4153,85.4192,2248.0
25.4153,85.4697,1988.7
25.4153,85.5202,1816.2
25.4153,85.5707,1655.9
25.4153,85.6212,1509.7
25.4153,85.6717,1394.0
25.4153,85.7222,1306.4
25.4153,85.7727,1150.3
25.4153,85.8232,1053.3
25.4153,85.8737,1026.5
25.4153,85.9242,1081.8
25.4153,85.9747,1057.2
25.4153,86.0253,1047.1
25.4153,86.0758,1156.5
25.4153,86.1263,1231.9
25.4153,86.1768,1306.5
25.4153,86.2273,1390.9
25.4153,86.2778,1417.2
25.4153,86.3283,1535.5
25.4153,86.3788,1585.4
25.4153,86.4293,1681.1
25.4153,86.4798,1724.9
25.4153,86.5303,1765.5
25.4153,86.5808,1773.9
25.4153,86.6313,1876.0
25.4153,86.6818,2097.5
25.4153,86.7323,2342.7
25.4153,86.7828,2562.4
25.4153,86.8333,2718.3
25.4153,86.8838,2941.0
25.4153,86.9343,3106.8
25.4153,86.9848,3240.4
25.4153,87.0354,3225.5
25.4153,87.0859,3053.7
25.4153,87.1364,2886.5
25.4153,87.1869,2691.6
25.4153,87.2374,2455.4
25.4153,87.2879,2221.3
25.4153,87.3384,2033.8
25.4153,87.3889,2091.7
25.4153,87.4394,2110.8
25.4153,87.4899,2135.8
25.4153,87.5404,2116.3
25.4153,87.5909,2072.1
25.4153,87.6414,1970.8
25.4153,87.6919,1882.3
25.4153,87.7424,1726.5
25.4153,87.7929,1639.7
25.4153,87.8434,1493.7
25.4153,87.8939,1407.2
25.4153,87.9444,1346.3
25.4153,87.9949,1275.6
25.4153,88.0455,1120.1
25.4153,88.096,1068.1
25.4153,88.1465,1031.5
25.4153,88.197,922.5
25.4153,88.2475,896.0
25.4153,88.298,861.8
25.4153,88.3485,809.6
25.4153,88.399,737.6
25.4153,88.4495,717.8
25.4153,88.5,722.9
25.4661,83.5,592.8
25.4661,83.5505,557.9
25.4661,83.601,628.0
25.4661,83.6515,580.1
25.4661,83.702,647.6
25.4661,83.7525,615.3
25.4661,83.803,687.3
25.4661,83.8535,651.8
25.4661,83.904,660.4
25.4661,83.9545,657.9
25.4661,84.0051,682.0
25.4661,84.0556,738.7
25.4661,84.1061,776.0
25.4661,84.1566,762.1
25.4661,84.2071,810.5
25.4661,84.2576,880.7
25.4661,84.3081,949.5
25.4661,84.3586,990.2
25.4661,84.4091,1047.9
25.4661,84.4596,1134.6
25.4661,84.5101,1254.9
25.4661,84.5606,1311.7
25.4661,84.6111,1489.6
25.4661,84.6616,1615.7
25.4661,84.7121,1818.9
25.4661,84.7626,1953.8
25.4661,84.8131,2209.4
25.4661,84.8636,2442.5
25.4661,84.9141,2721.3
25.4661,84.9646,2958.8
25.4661,85.0152,3283.4
25.4661,85.0657,3524.7
25.4661,85.1162,3656.4
25.4661,85.1667,3619.2
25.4661,85.2172,3433.1
25.4661,85.2677,3175.3
25.4661,85.3182,2845.6
25.4661,85.3687,2613.0
25.4661,85.4192,2331.4
25.4661,85.4697,2067.7
25.4661,85.5202,1861.7
25.4661,85.5707,1703.4
25.4661,85.6212,1581.1
25.4661,85.6717,1436.4
25.4661,85.7222,1321.9
25.4661,85.7727,1194.8
25.4661,85.8232,1125.1
25.4661,85.8737,1108.6
25.4661,85.9242,1123.2
25.4661,85.9747,1125.0
25.4661,86.0253,1084.4
25.4661,86.0758,1168.8
25.4661,86.1263,1281.8
25.4661,86.1768,1381.4
25.4661,86.2273,1495.5
25.4661,86.2778,1586.0
25.4661,86.3283,1658.1
25.4661,86.3788,1731.5
25.4661,86.4293,1830.7
25.4661,86.4798,1910.2
25.4661,86.5303,1904.5
25.4661,86.5808,1951.2
25.4661,86.6313,1982.3
25.4661,86.6818,1966.0
25.4661,86.7323,2159.4
25.4661,86.7828,2344.4
25.4661,86.8333,2491.6
25.4661,86.8838,2665.7
25.4661,86.9343,2783.3
25.4661,86.9848,2817.3
25.4661,87.0354,2802.1
25.4661,87.0859,2781.3
25.4661,87.1364,2598.2
25.4661,87.1869,2447.9
25.4661,87.2374,2247.6
25.4661,87.2879,2170.5
25.4661,87.3384,2227.7
25.4661,87.3889,2326.4
25.4661,87.4394,2410.1
25.4661,87.4899,2412.4
25.4661,87.5404,2320.5
25.4661,87.5909,2291.8
25.4661,87.6414,2157.3
25.4661,87.6919,2034.3
25.4661,87.7424,1872.8
25.4661,87.7929,1734.0
25.4661,87.8434,1655.3
25.4661,87.8939,1513.6
25.4661,87.9444,1394.6
25.4661,87.9949,1313.7
25.4661,88.0455,1222.2
25.4661,88.096,1089.0
25.4661,88.1465,1049.6
25.4661,88.197,944.5
25.4661,88.2475,934.5
25.4661,88.298,874.6
25.4661,88.3485,852.6
25.4661,88.399,741.2
25.4661,88.4495,704.8
25.4661,88.5,691.8
25.5169,83.5,579.2
25.5169,83.5505,588.3
25.5169,83.601,652.1
25.5169,83.6515,611.3
25.5169,83.702,625.5
25.5169,83.7525,677.5
25.5169,83.803,666.1
25.5169,83.8535,706.1
25.5169,83.904,663.1
25.5169,83.9545,710.9
25.5169,84.0051,688.3
25.5169,84.0556,703.8
25.5169,84.1061,783.8
25.5169,84.1566,747.8
25.5169,84.2071,822.1
25.5169,84.2576,861.8
25.5169,84.3081,913.7
25.5169,84.3586,1023.7
25.5169,84.4091,1029.4
25.5169,84.4596,1168.4
25.5169,84.5101,1293.4
25.5169,84.5606,1377.6
25.5169,84.6111,1541.9
25.5169,84.6616,1625.6
25.5169,84.7121,1832.6
25.5169,84.7626,2024.1
25.5169,84.8131,2295.6
25.5169,84.8636,2582.6
25.5169,84.9141,2827.1
25.5169,84.9646,3197.1
25.5169,85.0152,3526.0
25.5169,85.0657,3912.6
25.5169,85.1162,4135.9
25.5169,85.1667,4100.6
25.5169,85.2172,3760.2
25.5169,85.2677,3370.8
25.5169,85.3182,2996.9
25.5169,85.3687,2677.5
25.5169,85.4192,2397.1
25.5169,85.4697,2147.6
25.5169,85.5202,1975.6
25.5169,85.5707,1760.6
25.5169,85.6212,1590.8
25.5169,85.6717,1413.1
25.5169,85.7222,1346.9
25.5169,85.7727,1229.0
25.5169,85.8232,1193.1
25.5169,85.8737,1252.9
25.5169,85.9242,1239.9
25.5169,85.9747,1194.7
25.5169,86.0253,1208.6
25.5169,86.0758,1250.1
25.5169,86.1263,1319.4
25.5169,86.1768,1484.5
25.5169,86.2273,1586.4
25.5169,86.2778,1686.3
25.5169,86.3283,1785.8
25.5169,86.3788,1894.8
25.5169,86.4293,2017.8
25.5169,86.4798,2096.5
25.5169,86.5303,2120.2
25.5169,86.5808,2187.1
25.5169,86.6313,2206.3
25.5169,86.6818,2139.6
25.5169,86.7323,2038.0
25.5169,86.7828,2169.2
25.5169,86.8333,2263.1
25.5169,86.8838,2388.6
25.5169,86.9343,2468.6
25.5169,86.9848,2523.7
25.5169,87.0354,2547.2
25.5169,87.0859,2466.8
25.5169,87.1364,2339.2
25.5169,87.1869,2262.6
25.5169,87.2374,2215.8
25.5169,87.2879,2376.2
25.5169,87.3384,2471.1
25.5169,87.3889,2602.2
25.5169,87.4394,2711.1
25.5169,87.4899,2700.7
25.5169,87.5404,2586.8
25.5169,87.5909,2484.6
25.5169,87.6414,2376.3
25.5169,87.6919,2252.9
25.5169,87.7424,2058.5
25.5169,87.7929,1893.4
25.5169,87.8434,1708.6
25.5169,87.8939,1610.5
25.5169,87.9444,1494.0
25.5169,87.9949,1341.8
25.5169,88.0455,1268.8
25.5169,88.096,1190.9
25.5169,88.1465,1047.8
25.5169,88.197,1000.8
25.5169,88.2475,918.2
25.5169,88.298,902.7
25.5169,88.3485,836.4
25.5169,88.399,798.2
25.5169,88.4495,773.8
25.5169,88.5,709.0
25.5678,83.5,642.0
25.5678,83.5505,623.2
25.5678,83.601,605.8
25.5678,83.6515,662.4
25.5678,83.702,684.5
25.5678,83.7525,661.4
25.5678,83.803,720.4
25.5678,83.8535,740.5
25.5678,83.904,706.6
25.5678,83.9545,779.6
25.5678,84.0051,728.5
25.5678,84.0556,749.3
25.5678,84.1061,762.8
25.5678,84.1566,833.4
25.5678,84.2071,834.2
25.5678,84.2576,844.0
25.5678,84.3081,924.7
25.5678,84.3586,1005.4
25.5678,84.4091,1039.8
25.5678,84.4596,1192.6
25.5678,84.5101,1289.0
25.5678,84.5606,1383.8
25.5678,84.6111,1557.8
25.5678,84.6616,1672.0
25.5678,84.7121,1900.0
25.5678,84.7626,2085.7
25.5678,84.8131,2326.6
25.5678,84.8636,2570.0
25.5678,84.9141,2951.3
25.5678,84.9646,3288.0
25.5678,85.0152,3694.5
25.5678,85.0657,4165.7
25.5678,85.1162,4680.7
25.5678,85.1667,4483.5
25.5678,85.2172,3997.7
25.5678,85.2677,3552.4
25.5678,85.3182,3085.1
25.5678,85.3687,2787.1
25.5678,85.4192,2439.8
25.5678,85.4697,2230.0
25.5678,85.5202,1998.7
25.5678,85.5707,1778.7
25.5678,85.6212,1621.1
25.5678,85.6717,1441.2
25.5678,85.7222,1325.3
25.5678,85.7727,1345.6
25.5678,85.8232,1337.2
25.5678,85.8737,1339.9
25.5678,85.9242,1351.0
25.5678,85.9747,1367.4
25.5678,86.0253,1307.7
25.5678,86.0758,1283.9
25.5678,86.1263,1434.3
25.5678,86.1768,1561.3
25.5678,86.2273,1630.9
25.5678,86.2778,1777.8
25.5678,86.3283,1910.5
25.5678,86.3788,2067.1
25.5678,86.4293,2207.2
25.5678,86.4798,2344.5
25.5678,86.5303,2419.6
25.5678,86.5808,2458.9
25.5678,86.6313,2431.6
25.5678,86.6818,2418.3
25.5678,86.7323,2297.4
25.5678,86.7828,2219.1
25.5678,86.8333,2084.4
25.5678,86.8838,2136.1
25.5678,86.9343,2245.5
25.5678,86.9848,2248.1
25.5678,87.0354,2269.2
25.5678,87.0859,2174.6
25.5678,87.1364,2105.8
25.5678,87.1869,2193.8
25.5678,87.2374,2343.5
25.5678,87.2879,2594.9
25.5678,87.3384,2740.9
25.5678,87.3889,2926.2
25.5678,87.4394,3024.3
25.5678,87.4899,3019.3
25.5678,87.5404,2925.2
25.5678,87.5909,2772.5
25.5678,87.6414,2572.7
25.5678,87.6919,2392.8
25.5678,87.7424,2219.3
25.5678,87.7929,2050.2
25.5678,87.8434,1867.1
25.5678,87.8939,1697.3
25.5678,87.9444,1554.1
25.5678,87.9949,1415.1
25.5678,88.0455,1268.5
25.5678,88.096,1219.6
25.5678,88.1465,1112.3
25.5678,88.197,1025.9
25.5678,88.2475,922.2
25.5678,88.298,889.9
25.5678,88.3485,839.3
25.5678,88.399,826.7
25.5678,88.4495,762.1
25.5678,88.5,714.7
25.6186,83.5,658.2
25.6186,83.5505,602.3
25.6186,83.601,641.7
25.6186,83.6515,626.8
25.6186,83.702,699.2
25.6186,83.7525,730.9
25.6186,83.803,698.1
25.6186,83.8535,763.3
25.6186,83.904,737.4
25.6186,83.9545,806.5
25.6186,84.0051,813.4
25.6186,84.0556,836.4
25.6186,84.1061,791.4
25.6186,84.1566,883.6
25.6186,84.2071,879.5
25.6186,84.2576,858.3
25.6186,84.3081,955.6
25.6186,84.3586,978.4
25.6186,84.4091,1102.6
25.6186,84.4596,1130.6
25.6186,84.5101,1280.5
25.6186,84.5606,1385.9
25.6186,84.6111,1487.2
25.6186,84.6616,1656.8
25.6186,84.7121,1820.8
25.6186,84.7626,2067.8
25.6186,84.8131,2297.2
25.6186,84.8636,2601.0
25.6186,84.9141,2899.3
25.6186,84.9646,3270.0
25.6186,85.0152,3728.2
25.6186,85.0657,4143.6
25.6186,85.1162,4641.3
25.6186,85.1667,4468.0
25.6186,85.2172,3975.7
25.6186,85.2677,3518.5
25.6186,85.3182,3143.7
25.6186,85.3687,2739.0
25.6186,85.4192,2427.9
25.6186,85.4697,2178.2
25.6186,85.5202,1995.0
25.6186,85.5707,1736.9
25.6186,85.6212,1609.8
25.6186,85.6717,1494.8
25.6186,85.7222,1436.2
25.6186,85.7727,1446.3
25.6186,85.8232,1435.7
25.6186,85.8737,1510.7
25.6186,85.9242,1492.4
25.6186,85.9747,1440.6
25.6186,86.0253,1413.3
25.6186,86.0758,1442.2
25.6186,86.1263,1498.6
25.6186,86.1768,1644.9
25.6186,86.2273,1795.7
25.6186,86.2778,1930.2
25.6186,86.3283,2094.5
25.6186,86.3788,2260.3
25.6186,86.4293,2419.1
25.6186,86.4798,2577.5
25.6186,86.5303,2717.2
25.6186,86.5808,2761.3
25.6186,86.6313,2776.4
25.6186,86.6818,2668.1
25.6186,86.7323,2558.2
25.6186,86.7828,2405.0
25.6186,86.8333,2231.8
25.6186,86.8838,2068.2
25.6186,86.9343,1979.9
25.6186,86.9848,2025.0
25.6186,87.0354,1986.5
25.6186,87.0859,1974.8
25.6186,87.1364,2078.9
25.6186,87.1869,2310.4
25.6186,87.2374,2572.3
25.6186,87.2879,2795.6
25.6186,87.3384,3056.5
25.6186,87.3889,3255.6
25.6186,87.4394,3405.4
25.6186,87.4899,3375.0
25.6186,87.5404,3273.4
25.6186,87.5909,3076.2
25.6186,87.6414,2839.1
25.6186,87.6919,2552.5
25.6186,87.7424,2318.4
25.6186,87.7929,2106.5
25.6186,87.8434,1960.8
25.6186,87.8939,1730.0
25.6186,87.9444,1583.2
25.6186,87.9949,1420.4
25.6186,88.0455,1330.9
25.6186,88.096,1197.1
25.6186,88.1465,1097.5
25.6186,88.197,1040.6
25.6186,88.2475,928.6
25.6186,88.298,866.9
25.6186,88.3485,830.0
25.6186,88.399,768.6
25.6186,88.4495,733.7
25.6186,88.5,716.9
25.6695,83.5,656.4
25.6695,83.5505,653.1
25.6695,83.601,664.8
25.6695,83.6515,665.0
25.6695,83.702,735.1
25.6695,83.7525,712.5
25.6695,83.803,709.0
25.6695,83.8535,773.5
25.6695,83.904,756.1
25.6695,83.9545,797.7
25.6695,84.0051,833.8
25.6695,84.0556,885.8
25.6695,84.1061,877.0
25.6695,84.1566,913.8
25.6695,84.2071,955.1
25.6695,84.2576,901.5
25.6695,84.3081,925.1
25.6695,84.3586,982.4
25.6695,84.4091,1060.3
25.6695,84.4596,1146.8
25.6695,84.5101,1287.2
25.6695,84.5606,1387.8
25.6695,84.6111,1512.9
25.6695,84.6616,1642.8
25.6695,84.7121,1860.6
25.6695,84.7626,2073.9
25.6695,84.8131,2295.2
25.6695,84.8636,2493.9
25.6695,84.9141,2843.2
25.6695,84.9646,3128.2
25.6695,85.0152,3499.9
25.6695,85.0657,3824.6
25.6695,85.1162,4081.8
25.6695,85.1667,4019.1
25.6695,85.2172,3681.5
25.6695,85.2677,3347.9
25.6695,85.3182,3006.8
25.6695,85.3687,2682.6
25.6695,85.4192,2379.8
25.6695,85.4697,2154.3
25.6695,85.5202,1962.5
25.6695,85.5707,1717.5
25.6695,85.6212,1552.3
25.6695,85.6717,1474.4
25.6695,85.7222,1576.4
25.6695,85.7727,1601.0
25.6695,85.8232,1634.8
25.6695,85.8737,1626.8
25.6695,85.9242,1645.7
25.6695,85.9747,1582.3
25.6695,86.0253,1600.0
25.6695,86.0758,1576.2
25.6695,86.1263,1555.2
25.6695,86.1768,1724.7
25.6695,86.2273,1878.8
25.6695,86.2778,2013.9
25.6695,86.3283,2275.8
25.6695,86.3788,2419.5
25.6695,86.4293,2669.4
25.6695,86.4798,2835.7
25.6695,86.5303,2981.5
25.6695,86.5808,3097.7
25.6695,86.6313,3075.7
25.6695,86.6818,2987.4
25.6695,86.7323,2825.7
25.6695,86.7828,2579.8
25.6695,86.8333,2372.8
25.6695,86.8838,2199.2
25.6695,86.9343,1986.2
25.6695,86.9848,1837.7
25.6695,87.0354,1825.8
25.6695,87.0859,1974.8
25.6695,87.1364,2178.2
25.6695,87.1869,2401.7
25.6695,87.2374,2695.4
25.6695,87.2879,2965.7
25.6695,87.3384,3288.2
25.6695,87.3889,3634.5
25.6695,87.4394,3828.8
25.6695,87.4899,3881.8
25.6695,87.5404,3695.0
25.6695,87.5909,3400.2
25.6695,87.6414,3084.0
25.6695,87.6919,2737.9
25.6695,87.7424,2448.4
25.6695,87.7929,2218.8
25.6695,87.8434,1980.3
25.6695,87.8939,1804.0
25.6695,87.9444,1642.2
25.6695,87.9949,1492.3
25.6695,88.0455,1337.9
25.6695,88.096,1208.8
25.6695,88.1465,1132.1
25.6695,88.197,1024.2
25.6695,88.2475,1010.3
25.6695,88.298,902.9
25.6695,88.3485,832.1
25.6695,88.399,773.7
25.6695,88.4495,781.7
25.6695,88.5,744.9
25.7203,83.5,632.2
25.7203,83.5505,627.8
25.7203,83.601,673.5
25.7203,83.6515,685.9
25.7203,83.702,737.0
25.7203,83.7525,754.5
25.7203,83.803,759.9
25.7203,83.8535,774.0
25.7203,83.904,862.4
25.7203,83.9545,847.1
25.7203,84.0051,893.3
25.7203,84.0556,876.6
25.7203,84.1061,930.3
25.7203,84.1566,918.0
25.7203,84.2071,978.1
25.7203,84.2576,1033.5
25.7203,84.3081,1002.1
25.7203,84.3586,985.0
25.7203,84.4091,1017.3
25.7203,84.4596,1130.4
25.7203,84.5101,1209.3
25.7203,84.5606,1309.9
25.7203,84.6111,1496.3
25.7203,84.6616,1618.5
25.7203,84.7121,1771.6
25.7203,84.7626,2009.5
25.7203,84.8131,2160.0
25.7203,84.8636,2465.1
25.7203,84.9141,2674.5
25.7203,84.9646,2996.9
25.7203,85.0152,3247.6
25.7203,85.0657,3496.8
25.7203,85.1162,3633.1
25.7203,85.1667,3539.4
25.7203,85.2172,3411.9
25.7203,85.2677,3109.1
25.7203,85.3182,2830.6
25.7203,85.3687,2556.2
25.7203,85.4192,2321.4
25.7203,85.4697,2063.6
25.7203,85.5202,1893.4
25.7203,85.5707,1788.5
25.7203,85.6212,1724.0
25.7203,85.6717,1647.4
25.7203,85.7222,1687.1
25.7203,85.7727,1734.9
25.7203,85.8232,1773.8
25.7203,85.8737,1791.0
25.7203,85.9242,1780.5
25.7203,85.9747,1781.8
25.7203,86.0253,1734.4
25.7203,86.0758,1731.8
25.7203,86.1263,1628.4
25.7203,86.1768,1747.3
25.7203,86.2273,1949.6
25.7203,86.2778,2121.0
25.7203,86.3283,2375.4
25.7203,86.3788,2641.2
25.7203,86.4293,2895.4
25.7203,86.4798,3150.2
25.7203,86.5303,3420.4
25.7203,86.5808,3538.5
25.7203,86.6313,3499.5
25.7203,86.6818,3339.3
25.7203,86.7323,3106.7
25.7203,86.7828,2808.1
25.7203,86.8333,2560.7
25.7203,86.8838,2285.7
25.7203,86.9343,2096.1
25.7203,86.9848,1900.5
25.7203,87.0354,1767.6
25.7203,87.0859,2025.1
25.7203,87.1364,2249.3
25.7203,87.1869,2497.1
25.7203,87.2374,2783.3
25.7203,87.2879,3153.7
25.7203,87.3384,3481.1
25.7203,87.3889,3952.5
25.7203,87.4394,4279.1
25.7203,87.4899,4385.7
25.7203,87.5404,4000.1
25.7203,87.5909,3627.7
25.7203,87.6414,3238.0
25.7203,87.6919,2821.7
25.7203,87.7424,2536.9
25.7203,87.7929,2307.8
25.7203,87.8434,2032.4
25.7203,87.8939,1858.2
25.7203,87.9444,1658.7
25.7203,87.9949,1487.6
25.7203,88.0455,1346.9
25.7203,88.096,1224.5
25.7203,88.1465,1168.9
25.7203,88.197,1052.0
25.7203,88.2475,986.8
25.7203,88.298,920.1
25.7203,88.3485,870.4
25.7203,88.399,844.6
25.7203,88.4495,811.5
25.7203,88.5,729.0
25.7712,83.5,684.6
25.7712,83.5505,698.8
25.7712,83.601,704.6
25.7712,83.6515,758.2
25.7712,83.702,722.7
25.7712,83.7525,742.2
25.7712,83.803,830.3
25.7712,83.8535,827.2
25.7712,83.904,891.2
25.7712,83.9545,927.2
25.7712,84.0051,893.4
25.7712,84.0556,991.5
25.7712,84.1061,988.1
25.7712,84.1566,1022.6
25.7712,84.2071,1058.7
25.7712,84.2576,1105.6
25.7712,84.3081,1051.4
25.7712,84.3586,1101.0
25.7712,84.4091,1124.9
25.7712,84.4596,1136.5
25.7712,84.5101,1226.3
25.7712,84.5606,1286.9
25.7712,84.6111,1419.9
25.7712,84.6616,1560.3
25.7712,84.7121,1749.1
25.7712,84.7626,1878.5
25.7712,84.8131,2062.8
25.7712,84.8636,2329.2
25.7712,84.9141,2472.2
25.7712,84.9646,2772.6
25.7712,85.0152,2952.1
25.7712,85.0657,3124.2
25.7712,85.1162,3161.1
25.7712,85.1667,3114.7
25.7712,85.2172,3052.5
25.7712,85.2677,2875.5
25.7712,85.3182,2652.6
25.7712,85.3687,2382.9
25.7712,85.4192,2217.6
25.7712,85.4697,2140.5
25.7712,85.5202,2065.9
25.7712,85.5707,1986.0
25.7712,85.6212,1888.9
25.7712,85.6717,1780.9
25.7712,85.7222,1828.5
25.7712,85.7727,1935.6
25.7712,85.8232,1957.7
25.7712,85.8737,2013.3
25.7712,85.9242,2013.8
25.7712,85.9747,1958.4
25.7712,86.0253,1927.2
25.7712,86.0758,1833.6
25.7712,86.1263,1800.2
25.7712,86.1768,1843.8
25.7712,86.2273,1971.6
25.7712,86.2778,2268.1
25.7712,86.3283,2490.2
25.7712,86.3788,2761.3
25.7712,86.4293,3063.0
25.7712,86.4798,3436.1
25.7712,86.5303,3782.9
25.7712,86.5808,3987.7
25.7712,86.6313,3902.4
25.7712,86.6818,3652.8
25.7712,86.7323,3346.3
25.7712,86.7828,3001.3
25.7712,86.8333,2683.6
25.7712,86.8838,2406.3
25.7712,86.9343,2199.1
25.7712,86.9848,1990.2
25.7712,87.0354,1792.2
25.7712,87.0859,2034.1
25.7712,87.1364,2220.4
25.7712,87.1869,2502.1
25.7712,87.2374,2793.1
25.7712,87.2879,3185.6
25.7712,87.3384,3627.8
25.7712,87.3889,4077.4
25.7712,87.4394,4611.6
25.7712,87.4899,4762.7
25.7712,87.5404,4149.8
25.7712,87.5909,3716.6
25.7712,87.6414,3257.7
25.7712,87.6919,2882.9
25.7712,87.7424,2573.1
25.7712,87.7929,2298.6
25.7712,87.8434,2014.0
25.7712,87.8939,1854.8
25.7712,87.9444,1639.5
25.7712,87.9949,1521.3
25.7712,88.0455,1395.1
25.7712,88.096,1276.8
25.7712,88.1465,1155.6
25.7712,88.197,1065.5
25.7712,88.2475,959.5
25.7712,88.298,944.5
25.7712,88.3485,847.4
25.7712,88.399,816.3
25.7712,88.4495,756.8
25.7712,88.5,707.9
25.822,83.5,682.8
25.822,83.5505,658.3
25.822,83.601,737.6
25.822,83.6515,729.1
25.822,83.702,732.0
25.822,83.7525,803.6
25.822,83.803,799.3
25.822,83.8535,852.6
25.822,83.904,923.7
25.822,83.9545,910.2
25.822,84.0051,1011.1
25.822,84.0556,983.1
25.822,84.1061,1040.4
25.822,84.1566,1115.8
25.822,84.2071,1114.5
25.822,84.2576,1125.7
25.822,84.3081,1169.1
25.822,84.3586,1178.0
25.822,84.4091,1232.6
25.822,84.4596,1191.1
25.822,84.5101,1222.1
25.822,84.5606,1308.1
25.822,84.6111,1381.7
25.822,84.6616,1543.5
25.822,84.7121,1638.7
25.822,84.7626,1837.4
25.822,84.8131,1932.3
25.822,84.8636,2155.1
25.822,84.9141,2319.1
25.822,84.9646,2484.7
25.822,85.0152,2658.2
25.822,85.0657,2778.0
25.822,85.1162,2776.6
25.822,85.1667,2773.3
25.822,85.2172,2733.4
25.822,85.2677,2595.1
25.822,85.3182,2453.8
25.822,85.3687,2437.5
25.822,85.4192,2449.1
25.822,85.4697,2380.4
25.822,85.5202,2261.0
25.822,85.5707,2131.1
25.822,85.6212,2054.4
25.822,85.6717,1948.3
25.822,85.7222,2013.8
25.822,85.7727,2135.8
25.822,85.8232,2255.5
25.822,85.8737,2257.8
25.822,85.9242,2253.1
25.822,85.9747,2217.8
25.822,86.0253,2127.1
25.822,86.0758,2043.7
25.822,86.1263,1931.1
25.822,86.1768,1800.6
25.822,86.2273,2064.3
25.822,86.2778,2274.1
25.822,86.3283,2580.6
25.822,86.3788,2897.8
25.822,86.4293,3207.3
25.822,86.4798,3651.6
25.822,86.5303,4084.8
25.822,86.5808,4515.4
25.822,86.6313,4387.0
25.822,86.6818,3991.9
25.822,86.7323,3545.3
25.822,86.7828,3123.1
25.822,86.8333,2761.1
25.822,86.8838,2497.7
25.822,86.9343,2239.7
25.822,86.9848,1975.8
25.822,87.0354,1802.7
25.822,87.0859,1978.2
25.822,87.1364,2231.9
25.822,87.1869,2452.9
25.822,87.2374,2808.6
25.822,87.2879,3102.3
25.822,87.3384,3492.7
25.822,87.3889,3881.6
25.822,87.4394,4256.0
25.822,87.4899,4339.1
25.822,87.5404,3985.6
25.822,87.5909,3616.3
25.822,87.6414,3158.5
25.822,87.6919,2836.6
25.822,87.7424,2524.3
25.822,87.7929,2229.0
25.822,87.8434,2002.3
25.822,87.8939,1821.2
25.822,87.9444,1650.2
25.822,87.9949,1489.2
25.822,88.0455,1366.0
25.822,88.096,1255.5
25.822,88.1465,1108.5
25.822,88.197,1058.0
25.822,88.2475,1022.7
25.822,88.298,922.0
25.822,88.3485,878.3
25.822,88.399,800.2
25.822,88.4495,794.9
25.822,88.5,758.2
25.8729,83.5,688.5
25.8729,83.5505,748.9
25.8729,83.601,707.4
25.8729,83.6515,728.0
25.8729,83.702,820.3
25.8729,83.7525,858.2
25.8729,83.803,841.0
25.8729,83.8535,893.0
25.8729,83.904,916.0
25.8729,83.9545,982.7
25.8729,84.0051,1067.1
25.8729,84.0556,1093.0
25.8729,84.1061,1125.1
25.8729,84.1566,1170.6
25.8729,84.2071,1181.1
25.8729,84.2576,1239.9
25.8729,84.3081,1295.9
25.8729,84.3586,1342.3
25.8729,84.4091,1343.0
25.8729,84.4596,1278.3
25.8729,84.5101,1339.5
25.8729,84.5606,1312.1
25.8729,84.6111,1354.0
25.8729,84.6616,1439.1
25.8729,84.7121,1556.1
25.8729,84.7626,1680.6
25.8729,84.8131,1802.3
25.8729,84.8636,1961.1
25.8729,84.9141,2107.8
25.8729,84.9646,2263.3
25.8729,85.0152,2400.7
25.8729,85.0657,2462.3
25.8729,85.1162,2468.1
25.8729,85.1667,2528.5
25.8729,85.2172,2467.0
25.8729,85.2677,2569.6
25.8729,85.3182,2696.5
25.8729,85.3687,2718.9
25.8729,85.4192,2747.3
25.8729,85.4697,2609.1
25.8729,85.5202,2515.2
25.8729,85.5707,2354.5
25.8729,85.6212,2186.8
25.8729,85.6717,2084.5
25.8729,85.7222,2266.4
25.8729,85.7727,2405.4
25.8729,85.8232,2485.1
25.8729,85.8737,2503.2
25.8729,85.9242,2557.4
25.8729,85.9747,2492.7
25.8729,86.0253,2378.4
25.8729,86.0758,2276.0
25.8729,86.1263,2100.0
25.8729,86.1768,1957.3
25.8729,86.2273,2083.8
25.8729,86.2778,2274.1
25.8729,86.3283,2566.2
25.8729,86.3788,2920.4
25.8729,86.4293,3275.9
25.8729,86.4798,3650.7
25.8729,86.5303,4146.8
25.8729,86.5808,4673.0
25.8729,86.6313,4595.5
25.8729,86.6818,4047.5
25.8729,86.7323,3548.6
25.8729,86.7828,3202.2
25.8729,86.8333,2810.4
25.8729,86.8838,2477.6
25.8729,86.9343,2230.0
25.8729,86.9848,2012.0
25.8729,87.0354,1762.6
25.8729,87.0859,1926.6
25.8729,87.1364,2184.1
25.8729,87.1869,2399.7
25.8729,87.2374,2679.4
25.8729,87.2879,2970.1
25.8729,87.3384,3255.6
25.8729,87.3889,3568.2
25.8729,87.4394,3807.1
25.8729,87.4899,3812.4
25.8729,87.5404,3615.5
25.8729,87.5909,3386.5
25.8729,87.6414,3080.3
25.8729,87.6919,2760.6
25.8729,87.7424,2486.6
25.8729,87.7929,2188.1
25.8729,87.8434,2024.8
25.8729,87.8939,1769.7
25.8729,87.9444,1660.3
25.8729,87.9949,1515.6
25.8729,88.0455,1363.9
25.8729,88.096,1273.1
25.8729,88.1465,1142.6
25.8729,88.197,1033.1
25.8729,88.2475,973.7
25.8729,88.298,922.4
25.8729,88.3485,825.3
25.8729,88.399,821.3
25.8729,88.4495,808.3
25.8729,88.5,709.0
25.9237,83.5,724.9
25.9237,83.5505,760.6
25.9237,83.601,793.1
25.9237,83.6515,827.2
25.9237,83.702,828.2
25.9237,83.7525,904.3
25.9237,83.803,929.8
25.9237,83.8535,928.7
25.9237,83.904,1003.5
25.9237,83.9545,1075.2
25.9237,84.0051,1091.8
25.9237,84.0556,1178.6
25.9237,84.1061,1235.7
25.9237,84.1566,1248.5
25.9237,84.2071,1330.0
25.9237,84.2576,1389.8
25.9237,84.3081,1403.3
25.9237,84.3586,1389.7
25.9237,84.4091,1403.2
25.9237,84.4596,1432.5
25.9237,84.5101,1467.0
25.9237,84.5606,1388.3
25.9237,84.6111,1387.6
25.9237,84.6616,1347.9
25.9237,84.7121,1462.1
25.9237,84.7626,1617.7
25.9237,84.8131,1726.6
25.9237,84.8636,1796.2
25.9237,84.9141,1939.9
25.9237,84.9646,2015.0
25.9237,85.0152,2140.1
25.9237,85.0657,2217.0
25.9237,85.1162,2202.3
25.9237,85.1667,2407.5
25.9237,85.2172,2623.4
25.9237,85.2677,2857.6
25.9237,85.3182,3016.2
25.9237,85.3687,3023.6
25.9237,85.4192,3073.5
25.9237,85.4697,2946.5
25.9237,85.5202,2787.3
25.9237,85.5707,2620.1
25.9237,85.6212,2425.3
25.9237,85.6717,2332.4
25.9237,85.7222,2483.8
25.9237,85.7727,2631.8
25.9237,85.8232,2796.7
25.9237,85.8737,2827.3
25.9237,85.9242,2853.9
25.9237,85.9747,2766.5
25.9237,86.0253,2661.8
25.9237,86.0758,2463.9
25.9237,86.1263,2279.0
25.9237,86.1768,2153.9
25.9237,86.2273,1995.7
25.9237,86.2778,2261.0
25.9237,86.3283,2504.9
25.9237,86.3788,2794.2
25.9237,86.4293,3136.6
25.9237,86.4798,3524.7
25.9237,86.5303,3965.1
25.9237,86.5808,4203.3
25.9237,86.6313,4209.7
25.9237,86.6818,3852.5
25.9237,86.7323,3452.7
25.9237,86.7828,3094.4
25.9237,86.8333,2756.0
25.9237,86.8838,2480.7
25.9237,86.9343,2184.3
25.9237,86.9848,1964.5
25.9237,87.0354,1811.6
25.9237,87.0859,1915.5
25.9237,87.1364,2106.8
25.9237,87.1869,2286.0
25.9237,87.2374,2551.2
25.9237,87.2879,2775.7
25.9237,87.3384,3023.9
25.9237,87.3889,3215.0
25.9237,87.4394,3382.8
25.9237,87.4899,3364.7
25.9237,87.5404,3262.4
25.9237,87.5909,3101.9
25.9237,87.6414,2807.4
25.9237,87.6919,2546.5
25.9237,87.7424,2306.6
25.9237,87.7929,2154.9
25.9237,87.8434,1920.0
25.9237,87.8939,1733.4
25.9237,87.9444,1607.2
25.9237,87.9949,1469.8
25.9237,88.0455,1307.2
25.9237,88.096,1229.0
25.9237,88.1465,1141.7
25.9237,88.197,1050.9
25.9237,88.2475,939.7
25.9237,88.298,935.8
25.9237,88.3485,855.2
25.9237,88.399,788.0
25.9237,88.4495,758.8
25.9237,88.5,692.6
25.9746,83.5,686.4
25.9746,83.5505,766.6
25.9746,83.601,738.1
25.9746,83.6515,807.9
25.9746,83.702,856.8
25.9746,83.7525,864.1
25.9746,83.803,986.5
25.9746,83.8535,980.0
25.9746,83.904,1043.5
25.9746,83.9545,1104.5
25.9746,84.0051,1162.6
25.9746,84.0556,1210.2
25.9746,84.1061,1334.7
25.9746,84.1566,1418.3
25.9746,84.2071,1419.6
25.9746,84.2576,1508.7
25.9746,84.3081,1559.4
25.9746,84.3586,1599.9
25.9746,84.4091,1583.4
25.9746,84.4596,1575.6
25.9746,84.5101,1563.3
25.9746,84.5606,1565.4
25.9746,84.6111,1531.9
25.9746,84.6616,1429.0
25.9746,84.7121,1384.7
25.9746,84.7626,1516.8
25.9746,84.8131,1608.2
25.9746,84.8636,1721.1
25.9746,84.9141,1796.7
25.9746,84.9646,1852.2
25.9746,85.0152,1936.8
25.9746,85.0657,2142.7
25.9746,85.1162,2321.9
25.9746,85.1667,2605.0
25.9746,85.2172,2876.9
25.9746,85.2677,3088.1
25.9746,85.3182,3353.6
25.9746,85.3687,3463.6
25.9746,85.4192,3481.7
25.9746,85.4697,3265.2
25.9746,85.5202,3057.6
25.9746,85.5707,2827.6
25.9746,85.6212,2545.7
25.9746,85.6717,2494.0
25.9746,85.7222,2725.2
25.9746,85.7727,2890.8
25.9746,85.8232,3104.9
25.9746,85.8737,3211.6
25.9746,85.9242,3202.7
25.9746,85.9747,3144.4
25.9746,86.0253,2957.0
25.9746,86.0758,2729.3
25.9746,86.1263,2503.1
25.9746,86.1768,2261.4
25.9746,86.2273,2091.3
25.9746,86.2778,2209.4
25.9746,86.3283,2456.1
25.9746,86.3788,2737.4
25.9746,86.4293,2982.9
25.9746,86.4798,3324.6
25.9746,86.5303,3543.3
25.9746,86.5808,3716.6
25.9746,86.6313,3691.8
25.9746,86.6818,3547.9
25.9746,86.7323,3257.6
25.9746,86.7828,2945.4
25.9746,86.8333,2659.4
25.9746,86.8838,2381.7
25.9746,86.9343,2175.1
25.9746,86.9848,1928.5
25.9746,87.0354,1733.8
25.9746,87.0859,1770.7
25.9746,87.1364,1993.8
25.9746,87.1869,2177.5
25.9746,87.2374,2347.8
25.9746,87.2879,2519.6
25.9746,87.3384,2772.9
25.9746,87.3889,2860.5
25.9746,87.4394,3008.3
25.9746,87.4899,3038.9
25.9746,87.5404,2920.2
25.9746,87.5909,2761.0
25.9746,87.6414,2615.5
25.9746,87.6919,2425.1
25.9746,87.7424,2203.8
25.9746,87.7929,2047.0
25.9746,87.8434,1797.2
25.9746,87.8939,1672.9
25.9746,87.9444,1545.7
25.9746,87.9949,1428.8
25.9746,88.0455,1260.3
25.9746,88.096,1209.6
25.9746,88.1465,1101.6
25.9746,88.197,1011.9
25.9746,88.2475,923.1
25.9746,88.298,922.7
25.9746,88.3485,814.5
25.9746,88.399,781.9
25.9746,88.4495,741.2
25.9746,88.5,753.7
26.0254,83.5,744.5
26.0254,83.5505,786.3
26.0254,83.601,778.6
26.0254,83.6515,848.9
26.0254,83.702,889.6
26.0254,83.7525,960.5
26.0254,83.803,1021.5
26.0254,83.8535,1010.6
26.0254,83.904,1129.3
26.0254,83.9545,1150.3
26.0254,84.0051,1265.0
26.0254,84.0556,1322.3
26.0254,84.1061,1403.5
26.0254,84.1566,1485.9
26.0254,84.2071,1582.3
26.0254,84.2576,1626.8
26.0254,84.3081,1714.8
26.0254,84.3586,1729.4
26.0254,84.4091,1725.1
26.0254,84.4596,1784.6
26.0254,84.5101,1726.7
26.0254,84.5606,1701.4
26.0254,84.6111,1668.6
26.0254,84.6616,1575.1
26.0254,84.7121,1479.4
26.0254,84.7626,1426.6
26.0254,84.8131,1501.6
26.0254,84.8636,1558.1
26.0254,84.9141,1638.8
26.0254,84.9646,1806.3
26.0254,85.0152,1967.0
26.0254,85.0657,2207.4
26.0254,85.1162,2486.7
26.0254,85.1667,2718.5
26.0254,85.2172,3045.2
26.0254,85.2677,3375.1
26.0254,85.3182,3699.8
26.0254,85.3687,3949.7
26.0254,85.4192,3856.9
26.0254,85.4697,3661.9
26.0254,85.5202,3315.7
26.0254,85.5707,3050.3
26.0254,85.6212,2673.2
26.0254,85.6717,2632.8
26.0254,85.7222,2939.2
26.0254,85.7727,3221.7
26.0254,85.8232,3456.2
26.0254,85.8737,3615.5
26.0254,85.9242,3623.2
26.0254,85.9747,3452.4
26.0254,86.0253,3192.9
26.0254,86.0758,2930.3
26.0254,86.1263,2632.9
26.0254,86.1768,2373.6
26.0254,86.2273,2167.1
26.0254,86.2778,2136.2
26.0254,86.3283,2321.7
26.0254,86.3788,2510.1
26.0254,86.4293,2747.7
26.0254,86.4798,3045.0
26.0254,86.5303,3178.3
26.0254,86.5808,3263.6
26.0254,86.6313,3289.6
26.0254,86.6818,3165.8
26.0254,86.7323,2968.6
26.0254,86.7828,2706.1
26.0254,86.8333,2448.7
26.0254,86.8838,2297.4
26.0254,86.9343,2030.1
26.0254,86.9848,1873.7
26.0254,87.0354,1705.9
26.0254,87.0859,1713.3
26.0254,87.1364,1839.7
26.0254,87.1869,1995.4
26.0254,87.2374,2184.8
26.0254,87.2879,2365.6
26.0254,87.3384,2515.8
26.0254,87.3889,2561.0
26.0254,87.4394,2630.2
26.0254,87.4899,2699.9
26.0254,87.5404,2629.8
26.0254,87.5909,2537.7
26.0254,87.6414,2344.8
26.0254,87.6919,2218.4
26.0254,87.7424,2064.3
26.0254,87.7929,1902.2
26.0254,87.8434,1728.1
26.0254,87.8939,1555.4
26.0254,87.9444,1471.8
26.0254,87.9949,1329.1
26.0254,88.0455,1240.7
26.0254,88.096,1188.7
26.0254,88.1465,1062.1
26.0254,88.197,1025.0
26.0254,88.2475,909.4
26.0254,88.298,892.3
26.0254,88.3485,867.8
26.0254,88.399,755.0
26.0254,88.4495,710.2
26.0254,88.5,711.7
26.0763,83.5,712.1
26.0763,83.5505,799.3
26.0763,83.601,851.7
26.0763,83.6515,857.5
26.0763,83.702,893.1
26.0763,83.7525,962.7
26.0763,83.803,1047.6
26.0763,83.8535,1058.7
26.0763,83.904,1180.1
26.0763,83.9545,1263.5
26.0763,84.0051,1352.8
26.0763,84.0556,1413.5
26.0763,84.1061,1546.6
26.0763,84.1566,1592.5
26.0763,84.2071,1693.7
26.0763,84.2576,1832.7
26.0763,84.3081,1893.0
26.0763,84.3586,1887.8
26.0763,84.4091,1935.8
26.0763,84.4596,1936.1
26.0763,84.5101,1917.1
26.0763,84.5606,1867.4
26.0763,84.6111,1784.8
26.0763,84.6616,1734.3
26.0763,84.7121,1665.0
26.0763,84.7626,1559.5
26.0763,84.8131,1469.1
26.0763,84.8636,1461.5
26.0763,84.9141,1685.0
26.0763,84.9646,1853.4
26.0763,85.0152,2055.3
26.0763,85.0657,2292.3
26.0763,85.1162,2572.2
26.0763,85.1667,2852.2
26.0763,85.2172,3180.0
26.0763,85.2677,3614.1
26.0763,85.3182,4058.4
26.0763,85.3687,4435.1
26.0763,85.4192,4374.0
26.0763,85.4697,3936.1
26.0763,85.5202,3529.1
26.0763,85.5707,3179.2
26.0763,85.6212,2804.1
26.0763,85.6717,2770.5
26.0763,85.7222,3078.1
26.0763,85.7727,3445.5
26.0763,85.8232,3851.6
26.0763,85.8737,4111.6
26.0763,85.9242,4128.0
26.0763,85.9747,3830.1
26.0763,86.0253,3481.2
26.0763,86.0758,3090.3
26.0763,86.1263,2796.4
26.0763,86.1768,2479.4
26.0763,86.2273,2221.0
26.0763,86.2778,2010.3
26.0763,86.3283,2203.3
26.0763,86.3788,2324.4
26.0763,86.4293,2574.0
26.0763,86.4798,2702.6
26.0763,86.5303,2846.6
26.0763,86.5808,2881.7
26.0763,86.6313,2894.3
26.0763,86.6818,2824.5
26.0763,86.7323,2645.3
26.0763,86.7828,2502.9
26.0763,86.8333,2347.4
26.0763,86.8838,2091.8
26.0763,86.9343,1963.7
26.0763,86.9848,1767.6
26.0763,87.0354,1634.5
26.0763,87.0859,1586.4
26.0763,87.1364,1706.5
26.0763,87.1869,1839.5
26.0763,87.2374,1965.3
26.0763,87.2879,2100.6
26.0763,87.3384,2249.2
26.0763,87.3889,2350.6
26.0763,87.4394,2392.7
26.0763,87.4899,2387.1
26.0763,87.5404,2302.3
26.0763,87.5909,2239.6
26.0763,87.6414,2135.6
26.0763,87.6919,2007.2
26.0763,87.7424,1896.3
26.0763,87.7929,1764.5
26.0763,87.8434,1620.8
26.0763,87.8939,1498.1
26.0763,87.9444,1422.7
26.0763,87.9949,1315.8
26.0763,88.0455,1183.4
26.0763,88.096,1147.6
26.0763,88.1465,1075.5
26.0763,88.197,958.6
26.0763,88.2475,901.7
26.0763,88.298,861.7
26.0763,88.3485,850.6
26.0763,88.399,805.2
26.0763,88.4495,708.0
26.0763,88.5,700.3
26.1271,83.5,762.3
26.1271,83.5505,795.6
26.1271,83.601,813.2
26.1271,83.6515,914.5
26.1271,83.702,954.2
26.1271,83.7525,1028.2
26.1271,83.803,1098.3
26.1271,83.8535,1165.9
26.1271,83.904,1225.8
26.1271,83.9545,1332.5
26.1271,84.0051,1397.5
26.1271,84.0556,1546.7
26.1271,84.1061,1620.7
26.1271,84.1566,1778.0
26.1271,84.2071,1855.1
26.1271,84.2576,1952.9
26.1271,84.3081,2048.5
26.1271,84.3586,2104.2
26.1271,84.4091,2200.3
26.1271,84.4596,2205.4
26.1271,84.5101,2156.8
26.1271,84.5606,2065.8
26.1271,84.6111,1972.3
26.1271,84.6616,1863.1
26.1271,84.7121,1761.6
26.1271,84.7626,1703.5
26.1271,84.8131,1537.2
26.1271,84.8636,1488.4
26.1271,84.9141,1623.7
26.1271,84.9646,1812.4
26.1271,85.0152,2043.2
26.1271,85.0657,2289.6
26.1271,85.1162,2537.0
26.1271,85.1667,2841.2
26.1271,85.2172,3236.5
26.1271,85.2677,3649.6
26.1271,85.3182,4139.1
26.1271,85.3687,4757.0
26.1271,85.4192,4639.1
26.1271,85.4697,4084.9
26.1271,85.5202,3593.6
26.1271,85.5707,3178.5
26.1271,85.6212,2827.0
26.1271,85.6717,2852.0
26.1271,85.7222,3212.7
26.1271,85.7727,3583.7
26.1271,85.8232,4079.4
26.1271,85.8737,4566.7
26.1271,85.9242,4620.8
26.1271,85.9747,4109.8
26.1271,86.0253,3630.3
26.1271,86.0758,3181.2
26.1271,86.1263,2858.2
26.1271,86.1768,2504.6
26.1271,86.2273,2249.5
26.1271,86.2778,1997.6
26.1271,86.3283,2030.4
26.1271,86.3788,2147.0
26.1271,86.4293,2310.5
26.1271,86.4798,2480.4
26.1271,86.5303,2521.2
26.1271,86.5808,2594.3
26.1271,86.6313,2580.4
26.1271,86.6818,2487.1
26.1271,86.7323,2443.5
26.1271,86.7828,2250.2
26.1271,86.8333,2131.4
26.1271,86.8838,1982.5
26.1271,86.9343,1835.2
26.1271,86.9848,1695.2
26.1271,87.0354,1526.0
26.1271,87.0859,1466.3
26.1271,87.1364,1631.6
26.1271,87.1869,1726.7
26.1271,87.2374,1858.5
26.1271,87.2879,1957.2
26.1271,87.3384,2044.3
26.1271,87.3889,2079.3
26.1271,87.4394,2102.8
26.1271,87.4899,2142.9
26.1271,87.5404,2086.7
26.1271,87.5909,2007.1
26.1271,87.6414,1979.4
26.1271,87.6919,1884.2
26.1271,87.7424,1744.3
26.1271,87.7929,1603.1
26.1271,87.8434,1519.2
26.1271,87.8939,1447.7
26.1271,87.9444,1357.0
26.1271,87.9949,1209.8
26.1271,88.0455,1115.2
26.1271,88.096,1104.3
26.1271,88.1465,997.0
26.1271,88.197,948.2
26.1271,88.2475,927.9
26.1271,88.298,807.6
26.1271,88.3485,811.5
26.1271,88.399,727.9
26.1271,88.4495,718.9
26.1271,88.5,724.1
26.178,83.5,765.0
26.178,83.5505,849.9
26.178,83.601,860.3
26.178,83.6515,893.0
26.178,83.702,943.6
26.178,83.7525,1020.6
26.178,83.803,1097.6
26.178,83.8535,1157.8
26.178,83.904,1276.3
26.178,83.9545,1388.9
26.178,84.0051,1525.1
26.178,84.0556,1645.3
26.178,84.1061,1783.6
26.178,84.1566,1867.5
26.178,84.2071,2025.1
26.178,84.2576,2195.4
26.178,84.3081,2300.0
26.178,84.3586,2352.9
26.178,84.4091,2468.9
26.178,84.4596,2471.8
26.178,84.5101,2411.8
26.178,84.5606,2289.9
26.178,84.6111,2232.2
26.178,84.6616,2085.5
26.178,84.7121,1961.1
26.178,84.7626,1818.0
26.178,84.8131,1686.4
26.178,84.8636,1536.0
26.178,84.9141,1615.1
26.178,84.9646,1833.6
26.178,85.0152,2032.1
26.178,85.0657,2274.8
26.178,85.1162,2496.1
26.178,85.1667,2803.2
26.178,85.2172,3204.4
26.178,85.2677,3576.7
26.178,85.3182,3989.6
26.178,85.3687,4292.8
26.178,85.4192,4246.1
26.178,85.4697,3908.0
26.178,85.5202,3525.9
26.178,85.5707,3122.9
26.178,85.6212,2788.0
26.178,85.6717,2805.1
26.178,85.7222,3188.9
26.178,85.7727,3618.4
26.178,85.8232,4044.8
26.178,85.8737,4509.0
26.178,85.9242,4533.5
26.178,85.9747,4061.8
26.178,86.0253,3595.8
26.178,86.0758,3200.3
26.178,86.1263,2878.6
26.178,86.1768,2533.1
26.178,86.2273,2235.5
26.178,86.2778,1990.8
26.178,86.3283,1877.9
26.178,86.3788,1978.5
26.178,86.4293,2130.5
26.178,86.4798,2216.6
26.178,86.5303,2299.1
26.178,86.5808,2292.9
26.178,86.6313,2321.6
26.178,86.6818,2242.3
26.178,86.7323,2217.3
26.178,86.7828,2088.9
26.178,86.8333,1944.2
26.178,86.8838,1813.0
26.178,86.9343,1679.5
26.178,86.9848,1596.4
26.178,87.0354,1441.9
26.178,87.0859,1415.2
26.178,87.1364,1479.5
26.178,87.1869,1602.0
26.178,87.2374,1701.4
26.178,87.2879,1777.8
26.178,87.3384,1843.1
26.178,87.3889,1846.2
26.178,87.4394,1865.3
26.178,87.4899,1916.8
26.178,87.5404,1868.3
26.178,87.5909,1828.8
26.178,87.6414,1733.4
26.178,87.6919,1674.6
26.178,87.7424,1570.6
26.178,87.7929,1548.0
26.178,87.8434,1406.2
26.178,87.8939,1342.4
26.178,87.9444,1216.1
26.178,87.9949,1186.7
26.178,88.0455,1085.5
26.178,88.096,1064.1
26.178,88.1465,1002.0
26.178,88.197,901.8
26.178,88.2475,898.3
26.178,88.298,861.7
26.178,88.3485,808.7
26.178,88.399,775.5
26.178,88.4495,697.0
26.178,88.5,696.0
26.2288,83.5,746.6
26.2288,83.5505,790.9
26.2288,83.601,911.4
26.2288,83.6515,912.8
26.2288,83.702,1009.4
26.2288,83.7525,1085.8
26.2288,83.803,1171.4
26.2288,83.8535,1274.9
26.2288,83.904,1318.7
26.2288,83.9545,1419.5
26.2288,84.0051,1579.5
26.2288,84.0556,1700.9
26.2288,84.1061,1848.8
26.2288,84.1566,2042.7
26.2288,84.2071,2249.2
26.2288,84.2576,2401.9
26.2288,84.3081,2536.6
26.2288,84.3586,2686.8
26.2288,84.4091,2725.0
26.2288,84.4596,2715.1
26.2288,84.5101,2716.8
26.2288,84.5606,2592.5
26.2288,84.6111,2454.2
26.2288,84.6616,2228.3
26.2288,84.7121,2119.2
26.2288,84.7626,1933.2
26.2288,84.8131,1769.6
26.2288,84.8636,1627.7
26.2288,84.9141,1644.8
26.2288,84.9646,1790.5
26.2288,85.0152,1981.8
26.2288,85.0657,2232.5
26.2288,85.1162,2459.5
26.2288,85.1667,2708.2
26.2288,85.2172,3027.3
26.2288,85.2677,3309.9
26.2288,85.3182,3578.8
26.2288,85.3687,3785.9
26.2288,85.4192,3795.8
26.2288,85.4697,3595.2
26.2288,85.5202,3258.5
26.2288,85.5707,2965.2
26.2288,85.6212,2645.3
26.2288,85.6717,2796.7
26.2288,85.7222,3120.2
26.2288,85.7727,3446.0
26.2288,85.8232,3810.5
26.2288,85.8737,4066.4
26.2288,85.9242,4062.9
26.2288,85.9747,3763.6
26.2288,86.0253,3444.8
26.2288,86.0758,3109.4
26.2288,86.1263,2783.6
26.2288,86.1768,2467.4
26.2288,86.2273,2255.3
26.2288,86.2778,1967.4
26.2288,86.3283,1796.8
26.2288,86.3788,1832.2
26.2288,86.4293,1924.8
26.2288,86.4798,1997.4
26.2288,86.5303,2021.9
26.2288,86.5808,2039.1
26.2288,86.6313,2073.8
26.2288,86.6818,2037.1
26.2288,86.7323,1943.3
26.2288,86.7828,1904.5
26.2288,86.8333,1789.6
26.2288,86.8838,1703.9
26.2288,86.9343,1612.2
26.2288,86.9848,1454.9
26.2288,87.0354,1343.0
26.2288,87.0859,1336.5
26.2288,87.1364,1398.6
26.2288,87.1869,1480.3
26.2288,87.2374,1562.0
26.2288,87.2879,1622.4
26.2288,87.3384,1687.5
26.2288,87.3889,1691.6
26.2288,87.4394,1708.7
26.2288,87.4899,1703.8
26.2288,87.5404,1666.9
26.2288,87.5909,1665.8
26.2288,87.6414,1592.5
26.2288,87.6919,1582.8
26.2288,87.7424,1486.4
26.2288,87.7929,1413.2
26.2288,87.8434,1318.5
26.2288,87.8939,1219.4
26.2288,87.9444,1145.3
26.2288,87.9949,1107.8
26.2288,88.0455,1016.3
26.2288,88.096,998.5
26.2288,88.1465,966.0
26.2288,88.197,916.6
26.2288,88.2475,853.9
26.2288,88.298,777.9
26.2288,88.3485,794.2
26.2288,88.399,764.0
26.2288,88.4495,680.4
26.2288,88.5,698.5
26.2797,83.5,773.4
26.2797,83.5505,858.8
26.2797,83.601,925.0
26.2797,83.6515,905.7
26.2797,83.702,1041.7
26.2797,83.7525,1096.0
26.2797,83.803,1211.3
26.2797,83.8535,1270.1
26.2797,83.904,1413.9
26.2797,83.9545,1479.4
26.2797,84.0051,1645.8
26.2797,84.0556,1786.4
26.2797,84.1061,2038.6
26.2797,84.1566,2221.9
26.2797,84.2071,2433.5
26.2797,84.2576,2653.8
26.2797,84.3081,2788.8
26.2797,84.3586,2981.6
26.2797,84.4091,3059.5
26.2797,84.4596,3081.7
26.2797,84.5101,2999.1
26.2797,84.5606,2861.3
26.2797,84.6111,2647.3
26.2797,84.6616,2421.2
26.2797,84.7121,2215.8
26.2797,84.7626,2014.9
26.2797,84.8131,1897.6
26.2797,84.8636,1714.5
26.2797,84.9141,1609.9
26.2797,84.9646,1723.9
26.2797,85.0152,1887.2
26.2797,85.0657,2125.8
26.2797,85.1162,2305.3
26.2797,85.1667,2537.8
26.2797,85.2172,2776.1
26.2797,85.2677,3003.4
26.2797,85.3182,3209.4
26.2797,85.3687,3328.6
26.2797,85.4192,3344.1
26.2797,85.4697,3167.6
26.2797,85.5202,2974.7
26.2797,85.5707,2784.2
26.2797,85.6212,2488.1
26.2797,85.6717,2612.8
26.2797,85.7222,2929.0
26.2797,85.7727,3150.1
26.2797,85.8232,3392.4
26.2797,85.8737,3582.4
26.2797,85.9242,3571.2
26.2797,85.9747,3439.4
26.2797,86.0253,3212.8
26.2797,86.0758,2882.0
26.2797,86.1263,2642.6
26.2797,86.1768,2379.6
26.2797,86.2273,2117.4
26.2797,86.2778,1947.4
26.2797,86.3283,1734.9
26.2797,86.3788,1659.3
26.2797,86.4293,1699.8
26.2797,86.4798,1789.6
26.2797,86.5303,1819.1
26.2797,86.5808,1880.8
26.2797,86.6313,1816.7
26.2797,86.6818,1819.9
26.2797,86.7323,1776.7
26.2797,86.7828,1734.8
26.2797,86.8333,1647.2
26.2797,86.8838,1571.6
26.2797,86.9343,1493.6
26.2797,86.9848,1413.4
26.2797,87.0354,1284.7
26.2797,87.0859,1229.6
26.2797,87.1364,1316.7
26.2797,87.1869,1389.8
26.2797,87.2374,1439.1
26.2797,87.2879,1448.3
26.2797,87.3384,1475.7
26.2797,87.3889,1529.2
26.2797,87.4394,1565.7
26.2797,87.4899,1547.3
26.2797,87.5404,1533.3
26.2797,87.5909,1534.6
26.2797,87.6414,1457.2
26.2797,87.6919,1448.1
26.2797,87.7424,1355.8
26.2797,87.7929,1288.9
26.2797,87.8434,1236.3
26.2797,87.8939,1198.0
26.2797,87.9444,1085.5
26.2797,87.9949,1032.1
26.2797,88.0455,1036.6
26.2797,88.096,922.4
26.2797,88.1465,905.6
26.2797,88.197,862.4
26.2797,88.2475,815.2
26.2797,88.298,791.3
26.2797,88.3485,725.6
26.2797,88.399,722.2
26.2797,88.4495,681.7
26.2797,88.5,681.7
26.3305,83.5,769.2
26.3305,83.5505,849.2
26.3305,83.601,871.0
26.3305,83.6515,939.0
26.3305,83.702,1003.9
26.3305,83.7525,1081.1
26.3305,83.803,1224.5
26.3305,83.8535,1286.8
26.3305,83.904,1458.9
26.3305,83.9545,1600.4
26.3305,84.0051,1725.9
26.3305,84.0556,1870.2
26.3305,84.1061,2090.1
26.3305,84.1566,2348.7
26.3305,84.2071,2561.1
26.3305,84.2576,2801.8
26.3305,84.3081,3104.6
26.3305,84.3586,3364.2
26.3305,84.4091,3515.4
26.3305,84.4596,3483.0
26.3305,84.5101,3394.5
26.3305,84.5606,3134.7
26.3305,84.6111,2872.3
26.3305,84.6616,2659.5
26.3305,84.7121,2358.3
26.3305,84.7626,2129.5
26.3305,84.8131,1901.9
26.3305,84.8636,1788.0
26.3305,84.9141,1619.7
26.3305,84.9646,1669.8
26.3305,85.0152,1837.5
26.3305,85.0657,1963.0
26.3305,85.1162,2174.0
26.3305,85.1667,2360.5
26.3305,85.2172,2534.1
26.3305,85.2677,2743.3
26.3305,85.3182,2917.2
26.3305,85.3687,2921.7
26.3305,85.4192,2935.2
26.3305,85.4697,2842.0
26.3305,85.5202,2697.7
26.3305,85.5707,2569.5
26.3305,85.6212,2339.1
26.3305,85.6717,2456.6
26.3305,85.7222,2702.8
26.3305,85.7727,2866.5
26.3305,85.8232,3068.3
26.3305,85.8737,3166.6
26.3305,85.9242,3182.1
26.3305,85.9747,3115.0
26.3305,86.0253,2923.7
26.3305,86.0758,2682.6
26.3305,86.1263,2494.4
26.3305,86.1768,2224.3
26.3305,86.2273,2009.3
26.3305,86.2778,1836.8
26.3305,86.3283,1679.9
26.3305,86.3788,1543.9
26.3305,86.4293,1586.0
26.3305,86.4798,1656.5
26.3305,86.5303,1656.9
26.3305,86.5808,1672.0
26.3305,86.6313,1633.8
26.3305,86.6818,1612.6
26.3305,86.7323,1617.7
26.3305,86.7828,1558.9
26.3305,86.8333,1530.7
26.3305,86.8838,1409.1
26.3305,86.9343,1327.0
26.3305,86.9848,1288.4
26.3305,87.0354,1199.8
26.3305,87.0859,1115.6
26.3305,87.1364,1215.9
26.3305,87.1869,1217.1
26.3305,87.2374,1303.3
26.3305,87.2879,1317.9
26.3305,87.3384,1342.4
26.3305,87.3889,1382.6
26.3305,87.4394,1429.2
26.3305,87.4899,1397.7
26.3305,87.5404,1415.9
26.3305,87.5909,1344.4
26.3305,87.6414,1365.0
26.3305,87.6919,1282.8
26.3305,87.7424,1272.6
26.3305,87.7929,1214.1
26.3305,87.8434,1191.2
26.3305,87.8939,1095.2
26.3305,87.9444,1017.4
26.3305,87.9949,963.1
26.3305,88.0455,979.5
26.3305,88.096,909.9
26.3305,88.1465,887.7
26.3305,88.197,805.5
26.3305,88.2475,778.6
26.3305,88.298,721.0
26.3305,88.3485,766.1
26.3305,88.399,716.2
26.3305,88.4495,713.7
26.3305,88.5,639.1
26.3814,83.5,812.1
26.3814,83.5505,864.2
26.3814,83.601,889.4
26.3814,83.6515,994.1
26.3814,83.702,1073.9
26.3814,83.7525,1151.8
26.3814,83.803,1235.6
26.3814,83.8535,1308.7
26.3814,83.904,1435.6
26.3814,83.9545,1635.8
26.3814,84.0051,1726.8
26.3814,84.0556,1975.0
26.3814,84.1061,2193.4
26.3814,84.1566,2436.1
26.3814,84.2071,2747.0
26.3814,84.2576,3005.8
26.3814,84.3081,3344.8
26.3814,84.3586,3656.9
26.3814,84.4091,3936.7
26.3814,84.4596,3952.8
26.3814,84.5101,3745.7
26.3814,84.5606,3460.9
26.3814,84.6111,3129.6
26.3814,84.6616,2750.2
26.3814,84.7121,2476.3
26.3814,84.7626,2264.3
26.3814,84.8131,1969.2
26.3814,84.8636,1774.0
26.3814,84.9141,1607.2
26.3814,84.9646,1588.4
26.3814,85.0152,1691.6
26.3814,85.0657,1906.3
26.3814,85.1162,2021.6
26.3814,85.1667,2185.3
26.3814,85.2172,2318.0
26.3814,85.2677,2470.8
26.3814,85.3182,2587.3
26.3814,85.3687,2647.4
26.3814,85.4192,2643.0
26.3814,85.4697,2567.7
26.3814,85.5202,2486.2
26.3814,85.5707,2340.7
26.3814,85.6212,2181.0
26.3814,85.6717,2242.4
26.3814,85.7222,2415.7
26.3814,85.7727,2593.2
26.3814,85.8232,2755.6
26.3814,85.8737,2806.5
26.3814,85.9242,2807.3
26.3814,85.9747,2777.4
26.3814,86.0253,2653.7
26.3814,86.0758,2494.7
26.3814,86.1263,2270.2
26.3814,86.1768,2120.8
26.3814,86.2273,1913.6
26.3814,86.2778,1744.4
26.3814,86.3283,1594.7
26.3814,86.3788,1472.3
26.3814,86.4293,1433.0
26.3814,86.4798,1502.2
26.3814,86.5303,1470.8
26.3814,86.5808,1532.4
26.3814,86.6313,1514.4
26.3814,86.6818,1479.3
26.3814,86.7323,1467.2
26.3814,86.7828,1412.3
26.3814,86.8333,1387.6
26.3814,86.8838,1320.0
26.3814,86.9343,1240.0
26.3814,86.9848,1175.9
26.3814,87.0354,1150.0
26.3814,87.0859,1119.6
26.3814,87.1364,1102.7
26.3814,87.1869,1175.1
26.3814,87.2374,1207.0
26.3814,87.2879,1261.8
26.3814,87.3384,1279.4
26.3814,87.3889,1278.0
26.3814,87.4394,1295.4
26.3814,87.4899,1315.7
26.3814,87.5404,1267.5
26.3814,87.5909,1244.6
26.3814,87.6414,1194.3
26.3814,87.6919,1227.9
26.3814,87.7424,1188.9
26.3814,87.7929,1092.5
26.3814,87.8434,1087.3
26.3814,87.8939,1034.2
26.3814,87.9444,962.6
26.3814,87.9949,988.6
26.3814,88.0455,885.9
26.3814,88.096,834.8
26.3814,88.1465,840.1
26.3814,88.197,817.4
26.3814,88.2475,729.3
26.3814,88.298,750.4
26.3814,88.3485,714.0
26.3814,88.399,655.9
26.3814,88.4495,640.0
26.3814,88.5,652.3
26.4322,83.5,789.8
26.4322,83.5505,888.7
26.4322,83.601,933.9
26.4322,83.6515,1010.4
26.4322,83.702,1025.6
26.4322,83.7525,1166.9
26.4322,83.803,1221.3
26.4322,83.8535,1327.2
26.4322,83.904,1433.5
26.4322,83.9545,1583.7
26.4322,84.0051,1808.0
26.4322,84.0556,1989.0
26.4322,84.1061,2200.8
26.4322,84.1566,2497.1
26.4322,84.2071,2773.2
26.4322,84.2576,3148.9
26.4322,84.3081,3529.2
26.4322,84.3586,4007.9
26.4322,84.4091,4439.7
26.4322,84.4596,4482.8
26.4322,84.5101,4072.2
26.4322,84.5606,3625.1
26.4322,84.6111,3252.0
26.4322,84.6616,2853.5
26.4322,84.7121,2529.4
26.4322,84.7626,2245.7
26.4322,84.8131,2038.5
26.4322,84.8636,1833.5
26.4322,84.9141,1683.4
26.4322,84.9646,1478.9
26.4322,85.0152,1607.1
26.4322,85.0657,1768.0
26.4322,85.1162,1899.7
26.4322,85.1667,1993.6
26.4322,85.2172,2120.1
26.4322,85.2677,2210.7
26.4322,85.3182,2336.4
26.4322,85.3687,2309.9
26.4322,85.4192,2371.8
26.4322,85.4697,2306.9
26.4322,85.5202,2214.4
26.4322,85.5707,2068.1
26.4322,85.6212,1981.1
26.4322,85.6717,2087.8
26.4322,85.7222,2208.1
26.4322,85.7727,2370.7
26.4322,85.8232,2489.0
26.4322,85.8737,2507.3
26.4322,85.9242,2520.5
26.4322,85.9747,2419.7
26.4322,86.0253,2355.9
26.4322,86.0758,2209.8
26.4322,86.1263,2110.0
26.4322,86.1768,1989.7
26.4322,86.2273,1822.1
26.4322,86.2778,1635.9
26.4322,86.3283,1527.8
26.4322,86.3788,1423.6
26.4322,86.4293,1309.4
26.4322,86.4798,1373.3
26.4322,86.5303,1392.0
26.4322,86.5808,1385.5
26.4322,86.6313,1365.1
26.4322,86.6818,1343.4
26.4322,86.7323,1308.8
26.4322,86.7828,1297.2
26.4322,86.8333,1263.0
26.4322,86.8838,1239.6
26.4322,86.9343,1190.1
26.4322,86.9848,1093.0
26.4322,87.0354,1068.5
26.4322,87.0859,1001.5
26.4322,87.1364,1013.5
26.4322,87.1869,1101.1
26.4322,87.2374,1069.1
26.4322,87.2879,1126.0
26.4322,87.3384,1127.3
26.4322,87.3889,1199.3
26.4322,87.4394,1181.7
26.4322,87.4899,1156.4
26.4322,87.5404,1171.5
26.4322,87.5909,1176.1
26.4322,87.6414,1174.1
26.4322,87.6919,1089.4
26.4322,87.7424,1112.6
26.4322,87.7929,1083.1
26.4322,87.8434,1046.0
26.4322,87.8939,986.8
26.4322,87.9444,949.3
26.4322,87.9949,894.7
26.4322,88.0455,887.2
26.4322,88.096,835.6
26.4322,88.1465,815.2
26.4322,88.197,765.3
26.4322,88.2475,761.7
26.4322,88.298,743.6
26.4322,88.3485,665.9
26.4322,88.399,699.5
26.4322,88.4495,656.7
26.4322,88.5,663.7
26.4831,83.5,801.2
26.4831,83.5505,844.6
26.4831,83.601,942.5
26.4831,83.6515,952.9
26.4831,83.702,1073.7
26.4831,83.7525,1129.7
26.4831,83.803,1230.0
26.4831,83.8535,1326.7
26.4831,83.904,1478.5
26.4831,83.9545,1609.6
26.4831,84.0051,1761.1
26.4831,84.0556,1981.1
26.4831,84.1061,2192.4
26.4831,84.1566,2538.8
26.4831,84.2071,2847.9
26.4831,84.2576,3160.2
26.4831,84.3081,3599.5
26.4831,84.3586,4043.2
26.4831,84.4091,4602.3
26.4831,84.4596,4731.7
26.4831,84.5101,4206.3
26.4831,84.5606,3673.9
26.4831,84.6111,3278.6
26.4831,84.6616,2867.7
26.4831,84.7121,2605.4
26.4831,84.7626,2250.8
26.4831,84.8131,2056.9
26.4831,84.8636,1853.4
26.4831,84.9141,1675.6
26.4831,84.9646,1474.3
26.4831,85.0152,1548.3
26.4831,85.0657,1594.3
26.4831,85.1162,1737.1
26.4831,85.1667,1809.2
26.4831,85.2172,1911.1
26.4831,85.2677,2009.8
26.4831,85.3182,2056.5
26.4831,85.3687,2064.8
26.4831,85.4192,2063.2
26.4831,85.4697,2049.4
26.4831,85.5202,2015.5
26.4831,85.5707,1944.4
26.4831,85.6212,1782.3
26.4831,85.6717,1911.1
26.4831,85.7222,1998.3
26.4831,85.7727,2086.1
26.4831,85.8232,2207.7
26.4831,85.8737,2240.7
26.4831,85.9242,2206.3
26.4831,85.9747,2175.7
26.4831,86.0253,2090.0
26.4831,86.0758,2061.2
26.4831,86.1263,1962.3
26.4831,86.1768,1776.6
26.4831,86.2273,1663.8
26.4831,86.2778,1596.8
26.4831,86.3283,1489.1
26.4831,86.3788,1343.8
26.4831,86.4293,1217.8
26.4831,86.4798,1197.4
26.4831,86.5303,1256.3
26.4831,86.5808,1249.6
26.4831,86.6313,1219.4
26.4831,86.6818,1253.9
26.4831,86.7323,1190.1
26.4831,86.7828,1226.9
26.4831,86.8333,1157.0
26.4831,86.8838,1099.5
26.4831,86.9343,1103.9
26.4831,86.9848,1047.1
26.4831,87.0354,1050.8
26.4831,87.0859,974.3
26.4831,87.1364,956.7
26.4831,87.1869,1019.4
26.4831,87.2374,1009.6
26.4831,87.2879,1081.9
26.4831,87.3384,1056.8
26.4831,87.3889,1083.0
26.4831,87.4394,1049.7
26.4831,87.4899,1080.3
26.4831,87.5404,1107.5
26.4831,87.5909,1094.4
26.4831,87.6414,1031.6
26.4831,87.6919,1010.9
26.4831,87.7424,1033.6
26.4831,87.7929,1015.2
26.4831,87.8434,918.9
26.4831,87.8939,916.6
26.4831,87.9444,876.5
26.4831,87.9949,888.2
26.4831,88.0455,795.0
26.4831,88.096,776.0
26.4831,88.1465,791.6
26.4831,88.197,709.4
26.4831,88.2475,720.3
26.4831,88.298,693.7
26.4831,88.3485,664.3
26.4831,88.399,650.1
26.4831,88.4495,643.6
26.4831,88.5,598.4
26.5339,83.5,810.6
26.5339,83.5505,876.5
26.5339,83.601,927.4
26.5339,83.6515,941.8
26.5339,83.702,1014.0
26.5339,83.7525,1107.3
26.5339,83.803,1211.4
26.5339,83.8535,1326.7
26.5339,83.904,1477.0
26.5339,83.9545,1575.4
26.5339,84.0051,1744.3
26.5339,84.0556,1969.2
26.5339,84.1061,2219.2
26.5339,84.1566,2437.4
26.5339,84.2071,2768.2
26.5339,84.2576,3071.2
26.5339,84.3081,3491.1
26.5339,84.3586,3879.7
26.5339,84.4091,4157.8
26.5339,84.4596,4196.1
26.5339,84.5101,3924.6
26.5339,84.5606,3526.1
26.5339,84.6111,3184.1
26.5339,84.6616,2854.3
26.5339,84.7121,2538.6
26.5339,84.7626,2284.3
26.5339,84.8131,2017.5
26.5339,84.8636,1795.6
26.5339,84.9141,1666.0
26.5339,84.9646,1482.9
26.5339,85.0152,1426.4
26.5339,85.0657,1483.3
26.5339,85.1162,1556.4
26.5339,85.1667,1713.3
26.5339,85.2172,1721.8
26.5339,85.2677,1850.3
26.5339,85.3182,1893.2
26.5339,85.3687,1900.6
26.5339,85.4192,1887.9
26.5339,85.4697,1855.8
26.5339,85.5202,1831.9
26.5339,85.5707,1721.4
26.5339,85.6212,1658.7
26.5339,85.6717,1765.6
26.5339,85.7222,1836.5
26.5339,85.7727,1911.2
26.5339,85.8232,1956.8
26.5339,85.8737,2003.9
26.5339,85.9242,2027.4
26.5339,85.9747,1948.1
26.5339,86.0253,1954.3
26.5339,86.0758,1861.9
26.5339,86.1263,1785.6
26.5339,86.1768,1668.5
26.5339,86.2273,1587.1
26.5339,86.2778,1427.1
26.5339,86.3283,1395.5
26.5339,86.3788,1242.5
26.5339,86.4293,1226.0
26.5339,86.4798,1175.9
26.5339,86.5303,1133.0
26.5339,86.5808,1132.5
26.5339,86.6313,1176.0
26.5339,86.6818,1127.2
26.5339,86.7323,1161.7
26.5339,86.7828,1080.3
26.5339,86.8333,1056.6
26.5339,86.8838,1095.3
26.5339,86.9343,1038.4
26.5339,86.9848,1017.8
26.5339,87.0354,940.6
26.5339,87.0859,933.2
26.5339,87.1364,923.3
26.5339,87.1869,947.1
26.5339,87.2374,974.2
26.5339,87.2879,983.3
26.5339,87.3384,985.7
26.5339,87.3889,983.3
26.5339,87.4394,1028.0
26.5339,87.4899,985.1
26.5339,87.5404,1018.1
26.5339,87.5909,972.4
26.5339,87.6414,990.6
26.5339,87.6919,983.4
26.5339,87.7424,921.0
26.5339,87.7929,885.6
26.5339,87.8434,866.9
26.5339,87.8939,879.3
26.5339,87.9444,872.6
26.5339,87.9949,782.1
26.5339,88.0455,811.5
26.5339,88.096,755.1
26.5339,88.1465,742.1
26.5339,88.197,755.5
26.5339,88.2475,686.4
26.5339,88.298,677.3
26.5339,88.3485,622.8
26.5339,88.399,611.3
26.5339,88.4495,610.1
26.5339,88.5,577.6
26.5847,83.5,811.2
26.5847,83.5505,841.1
26.5847,83.601,904.2
26.5847,83.6515,935.8
26.5847,83.702,1016.4
26.5847,83.7525,1127.4
26.5847,83.803,1245.4
26.5847,83.8535,1280.1
26.5847,83.904,1471.2
26.5847,83.9545,1588.2
26.5847,84.0051,1749.8
26.5847,84.0556,1930.2
26.5847,84.1061,2106.4
26.5847,84.1566,2345.6
26.5847,84.2071,2651.0
26.5847,84.2576,2918.3
26.5847,84.3081,3264.0
26.5847,84.3586,3503.0
26.5847,84.4091,3675.9
26.5847,84.4596,3744.0
26.5847,84.5101,3548.0
26.5847,84.5606,3298.8
26.5847,84.6111,3013.7
26.5847,84.6616,2737.7
26.5847,84.7121,2458.7
26.5847,84.7626,2205.8
26.5847,84.8131,1989.5
26.5847,84.8636,1819.8
26.5847,84.9141,1600.3
26.5847,84.9646,1430.2
26.5847,85.0152,1324.1
26.5847,85.0657,1368.7
26.5847,85.1162,1476.5
26.5847,85.1667,1542.0
26.5847,85.2172,1598.8
26.5847,85.2677,1601.3
26.5847,85.3182,1692.4
26.5847,85.3687,1676.9
26.5847,85.4192,1702.8
26.5847,85.4697,1674.3
26.5847,85.5202,1620.7
26.5847,85.5707,1553.4
26.5847,85.6212,1496.5
26.5847,85.6717,1632.9
26.5847,85.7222,1709.5
26.5847,85.7727,1745.4
26.5847,85.8232,1743.0
26.5847,85.8737,1788.7
26.5847,85.9242,1815.3
26.5847,85.9747,1798.4
26.5847,86.0253,1704.9
26.5847,86.0758,1638.5
26.5847,86.1263,1626.3
26.5847,86.1768,1520.6
26.5847,86.2273,1431.0
26.5847,86.2778,1329.1
26.5847,86.3283,1290.2
26.5847,86.3788,1237.2
26.5847,86.4293,1172.4
26.5847,86.4798,1072.8
26.5847,86.5303,1063.2
26.5847,86.5808,1033.8
26.5847,86.6313,1070.3
26.5847,86.6818,1050.4
26.5847,86.7323,1056.9
26.5847,86.7828,1022.9
26.5847,86.8333,990.3
26.5847,86.8838,954.5
26.5847,86.9343,945.3
26.5847,86.9848,899.2
26.5847,87.0354,876.1
26.5847,87.0859,911.0
26.5847,87.1364,859.2
26.5847,87.1869,885.3
26.5847,87.2374,929.7
26.5847,87.2879,953.9
26.5847,87.3384,932.3
26.5847,87.3889,958.8
26.5847,87.4394,924.2
26.5847,87.4899,922.9
26.5847,87.5404,927.2
26.5847,87.5909,941.5
26.5847,87.6414,931.6
26.5847,87.6919,888.3
26.5847,87.7424,857.2
26.5847,87.7929,878.5
26.5847,87.8434,817.9
26.5847,87.8939,832.5
26.5847,87.9444,819.8
26.5847,87.9949,798.3
26.5847,88.0455,780.6
26.5847,88.096,768.8
26.5847,88.1465,718.4
26.5847,88.197,717.2
26.5847,88.2475,689.8
26.5847,88.298,637.8
26.5847,88.3485,608.8
26.5847,88.399,614.6
26.5847,88.4495,613.6
26.5847,88.5,615.0
26.6356,83.5,822.3
26.6356,83.5505,815.0
26.6356,83.601,861.0
26.6356,83.6515,987.4
26.6356,83.702,987.1
26.6356,83.7525,1095.0
26.6356,83.803,1193.2
26.6356,83.8535,1292.3
26.6356,83.904,1372.9
26.6356,83.9545,1503.9
26.6356,84.0051,1658.9
26.6356,84.0556,1867.7
26.6356,84.1061,2054.9
26.6356,84.1566,2240.2
26.6356,84.2071,2499.8
26.6356,84.2576,2751.5
26.6356,84.3081,2920.9
26.6356,84.3586,3156.0
26.6356,84.4091,3296.1
26.6356,84.4596,3274.7
26.6356,84.5101,3176.7
26.6356,84.5606,3015.3
26.6356,84.6111,2810.8
26.6356,84.6616,2566.2
26.6356,84.7121,2317.8
26.6356,84.7626,2115.1
26.6356,84.8131,1890.9
26.6356,84.8636,1738.2
26.6356,84.9141,1568.9
26.6356,84.9646,1409.6
26.6356,85.0152,1330.0
26.6356,85.0657,1294.1
26.6356,85.1162,1337.5
26.6356,85.1667,1436.6
26.6356,85.2172,1413.3
26.6356,85.2677,1475.4
26.6356,85.3182,1481.4
26.6356,85.3687,1551.5
26.6356,85.4192,1545.2
26.6356,85.4697,1500.1
26.6356,85.5202,1498.9
26.6356,85.5707,1436.4
26.6356,85.6212,1429.2
26.6356,85.6717,1467.8
26.6356,85.7222,1520.0
26.6356,85.7727,1607.1
26.6356,85.8232,1584.6
26.6356,85.8737,1591.1
26.6356,85.9242,1628.6
26.6356,85.9747,1643.1
26.6356,86.0253,1564.1
26.6356,86.0758,1494.0
26.6356,86.1263,1460.9
26.6356,86.1768,1411.8
26.6356,86.2273,1317.4
26.6356,86.2778,1288.5
26.6356,86.3283,1247.4
26.6356,86.3788,1137.4
26.6356,86.4293,1066.4
26.6356,86.4798,1010.6
26.6356,86.5303,955.6
26.6356,86.5808,1021.0
26.6356,86.6313,983.0
26.6356,86.6818,975.7
26.6356,86.7323,988.0
26.6356,86.7828,957.2
26.6356,86.8333,956.7
26.6356,86.8838,889.9
26.6356,86.9343,928.0
26.6356,86.9848,914.4
26.6356,87.0354,866.4
26.6356,87.0859,865.7
26.6356,87.1364,789.9
26.6356,87.1869,831.7
26.6356,87.2374,855.7
26.6356,87.2879,866.0
26.6356,87.3384,860.9
26.6356,87.3889,862.4
26.6356,87.4394,849.0
26.6356,87.4899,870.5
26.6356,87.5404,849.4
26.6356,87.5909,889.2
26.6356,87.6414,838.4
26.6356,87.6919,815.0
26.6356,87.7424,840.9
26.6356,87.7929,828.9
26.6356,87.8434,834.2
26.6356,87.8939,792.7
26.6356,87.9444,755.8
26.6356,87.9949,773.7
26.6356,88.0455,734.1
26.6356,88.096,679.0
26.6356,88.1465,700.3
26.6356,88.197,710.7
26.6356,88.2475,653.7
26.6356,88.298,630.6
26.6356,88.3485,604.2
26.6356,88.399,591.7
26.6356,88.4495,602.1
26.6356,88.5,604.0
26.6864,83.5,752.4
26.6864,83.5505,864.2
26.6864,83.601,898.9
26.6864,83.6515,942.1
26.6864,83.702,1026.2
26.6864,83.7525,1040.4
26.6864,83.803,1156.5
26.6864,83.8535,1264.7
26.6864,83.904,1389.3
26.6864,83.9545,1508.2
26.6864,84.0051,1605.2
26.6864,84.0556,1811.0
26.6864,84.1061,1913.5
26.6864,84.1566,2154.4
26.6864,84.2071,2351.8
26.6864,84.2576,2478.5
26.6864,84.3081,2698.9
26.6864,84.3586,2787.4
26.6864,84.4091,2901.9
26.6864,84.4596,2919.8
26.6864,84.5101,2855.6
26.6864,84.5606,2751.9
26.6864,84.6111,2559.5
26.6864,84.6616,2355.6
26.6864,84.7121,2191.1
26.6864,84.7626,2019.0
26.6864,84.8131,1773.8
26.6864,84.8636,1694.5
26.6864,84.9141,1481.9
26.6864,84.9646,1414.3
26.6864,85.0152,1259.9
26.6864,85.0657,1167.7
26.6864,85.1162,1240.8
26.6864,85.1667,1301.6
26.6864,85.2172,1319.1
26.6864,85.2677,1323.7
26.6864,85.3182,1388.4
26.6864,85.3687,1423.1
26.6864,85.4192,1380.7
26.6864,85.4697,1355.2
26.6864,85.5202,1350.5
26.6864,85.5707,1287.0
26.6864,85.6212,1325.6
26.6864,85.6717,1376.9
26.6864,85.7222,1402.4
26.6864,85.7727,1419.6
26.6864,85.8232,1480.7
26.6864,85.8737,1474.4
26.6864,85.9242,1496.4
26.6864,85.9747,1468.0
26.6864,86.0253,1455.3
26.6864,86.0758,1404.8
26.6864,86.1263,1345.8
26.6864,86.1768,1338.7
26.6864,86.2273,1250.6
26.6864,86.2778,1198.8
26.6864,86.3283,1110.7
26.6864,86.3788,1086.8
26.6864,86.4293,1028.3
26.6864,86.4798,945.8
26.6864,86.5303,887.6
26.6864,86.5808,932.4
26.6864,86.6313,944.7
26.6864,86.6818,921.4
26.6864,86.7323,889.9
26.6864,86.7828,914.1
26.6864,86.8333,853.3
26.6864,86.8838,866.0
26.6864,86.9343,825.4
26.6864,86.9848,807.4
26.6864,87.0354,788.2
26.6864,87.0859,781.8
26.6864,87.1364,741.5
26.6864,87.1869,782.2
26.6864,87.2374,802.9
26.6864,87.2879,810.4
26.6864,87.3384,810.1
26.6864,87.3889,851.9
26.6864,87.4394,799.3
26.6864,87.4899,828.4
26.6864,87.5404,790.6
26.6864,87.5909,786.5
26.6864,87.6414,819.5
26.6864,87.6919,809.5
26.6864,87.7424,823.2
26.6864,87.7929,784.9
26.6864,87.8434,803.0
26.6864,87.8939,715.2
26.6864,87.9444,703.7
26.6864,87.9949,683.7
26.6864,88.0455,679.2
26.6864,88.096,692.1
26.6864,88.1465,685.4
26.6864,88.197,622.8
26.6864,88.2475,680.9
26.6864,88.298,659.4
26.6864,88.3485,603.4
26.6864,88.399,574.3
26.6864,88.4495,571.0
26.6864,88.5,557.8
26.7373,83.5,745.7
26.7373,83.5505,818.2
26.7373,83.601,843.3
26.7373,83.6515,905.7
26.7373,83.702,1017.0
26.7373,83.7525,1061.7
26.7373,83.803,1161.2
26.7373,83.8535,1185.1
26.7373,83.904,1303.5
26.7373,83.9545,1428.2
26.7373,84.0051,1512.7
26.7373,84.0556,1641.2
26.7373,84.1061,1839.4
26.7373,84.1566,1989.8
26.7373,84.2071,2127.0
26.7373,84.2576,2284.3
26.7373,84.3081,2413.5
26.7373,84.3586,2487.3
26.7373,84.4091,2573.0
26.7373,84.4596,2566.6
26.7373,84.5101,2511.2
26.7373,84.5606,2483.5
26.7373,84.6111,2325.2
26.7373,84.6616,2187.0
26.7373,84.7121,1998.5
26.7373,84.7626,1850.8
26.7373,84.8131,1691.5
26.7373,84.8636,1543.4
26.7373,84.9141,1424.6
26.7373,84.9646,1360.5
26.7373,85.0152,1249.1
26.7373,85.0657,1147.9
26.7373,85.1162,1151.5
26.7373,85.1667,1223.5
26.7373,85.2172,1186.6
26.7373,85.2677,1227.8
26.7373,85.3182,1250.2
26.7373,85.3687,1293.1
26.7373,85.4192,1309.2
26.7373,85.4697,1239.4
26.7373,85.5202,1271.9
26.7373,85.5707,1242.8
26.7373,85.6212,1180.3
26.7373,85.6717,1235.6
26.7373,85.7222,1272.3
26.7373,85.7727,1346.5
26.7373,85.8232,1303.0
26.7373,85.8737,1362.9
26.7373,85.9242,1325.9
26.7373,85.9747,1347.6
26.7373,86.0253,1302.9
26.7373,86.0758,1287.1
26.7373,86.1263,1271.8
26.7373,86.1768,1228.4
26.7373,86.2273,1188.4
26.7373,86.2778,1076.7
26.7373,86.3283,1079.4
26.7373,86.3788,987.6
26.7373,86.4293,963.4
26.7373,86.4798,929.7
26.7373,86.5303,876.1
26.7373,86.5808,868.3
26.7373,86.6313,906.1
26.7373,86.6818,833.8
26.7373,86.7323,870.8
26.7373,86.7828,839.4
26.7373,86.8333,807.0
26.7373,86.8838,795.6
26.7373,86.9343,843.7
26.7373,86.9848,821.8
26.7373,87.0354,806.7
26.7373,87.0859,795.7
26.7373,87.1364,718.5
26.7373,87.1869,741.1
26.7373,87.2374,775.8
26.7373,87.2879,769.0
26.7373,87.3384,770.1
26.7373,87.3889,769.7
26.7373,87.4394,790.9
26.7373,87.4899,789.6
26.7373,87.5404,754.6
26.7373,87.5909,775.5
26.7373,87.6414,776.1
26.7373,87.6919,769.7
26.7373,87.7424,731.6
26.7373,87.7929,763.6
26.7373,87.8434,694.6
26.7373,87.8939,708.6
26.7373,87.9444,729.6
26.7373,87.9949,699.0
26.7373,88.0455,661.5
26.7373,88.096,682.9
26.7373,88.1465,659.8
26.7373,88.197,665.5
26.7373,88.2475,648.6
26.7373,88.298,627.2
26.7373,88.3485,606.7
26.7373,88.399,568.2
26.7373,88.4495,569.0
26.7373,88.5,572.9
26.7881,83.5,772.1
26.7881,83.5505,803.8
26.7881,83.601,829.7
26.7881,83.6515,857.0
26.7881,83.702,952.6
26.7881,83.7525,999.6
26.7881,83.803,1107.3
26.7881,83.8535,1130.8
26.7881,83.904,1265.1
26.7881,83.9545,1392.4
26.7881,84.0051,1439.0
26.7881,84.0556,1579.2
26.7881,84.1061,1672.1
26.7881,84.1566,1842.1
26.7881,84.2071,1962.7
26.7881,84.2576,2070.8
26.7881,84.3081,2183.9
26.7881,84.3586,2292.6
26.7881,84.4091,2281.2
26.7881,84.4596,2271.9
26.7881,84.5101,2303.1
26.7881,84.5606,2208.5
26.7881,84.6111,2134.4
26.7881,84.6616,1994.1
26.7881,84.7121,1885.5
26.7881,84.7626,1727.4
26.7881,84.8131,1628.6
26.7881,84.8636,1523.5
26.7881,84.9141,1386.2
26.7881,84.9646,1254.1
26.7881,85.0152,1169.6
26.7881,85.0657,1081.6
26.7881,85.1162,1051.5
26.7881,85.1667,1085.8
26.7881,85.2172,1130.8
26.7881,85.2677,1153.3
26.7881,85.3182,1153.9
26.7881,85.3687,1175.6
26.7881,85.4192,1132.4
26.7881,85.4697,1125.1
26.7881,85.5202,1117.3
26.7881,85.5707,1124.3
26.7881,85.6212,1092.5
26.7881,85.6717,1131.7
26.7881,85.7222,1170.0
26.7881,85.7727,1226.1
26.7881,85.8232,1178.4
26.7881,85.8737,1237.6
26.7881,85.9242,1239.3
26.7881,85.9747,1241.6
26.7881,86.0253,1236.5
26.7881,86.0758,1140.7
26.7881,86.1263,1122.6
26.7881,86.1768,1147.7
26.7881,86.2273,1076.5
26.7881,86.2778,1046.0
26.7881,86.3283,1013.8
26.7881,86.3788,974.9
26.7881,86.4293,955.7
26.7881,86.4798,922.9
26.7881,86.5303,864.6
26.7881,86.5808,800.2
26.7881,86.6313,847.3
26.7881,86.6818,778.0
26.7881,86.7323,787.4
26.7881,86.7828,833.4
26.7881,86.8333,772.7
26.7881,86.8838,758.8
26.7881,86.9343,739.6
26.7881,86.9848,783.7
26.7881,87.0354,740.5
26.7881,87.0859,739.6
26.7881,87.1364,689.9
26.7881,87.1869,740.4
26.7881,87.2374,748.5
26.7881,87.2879,719.3
26.7881,87.3384,732.4
26.7881,87.3889,719.9
26.7881,87.4394,783.2
26.7881,87.4899,756.9
26.7881,87.5404,778.5
26.7881,87.5909,724.7
26.7881,87.6414,758.1
26.7881,87.6919,750.5
26.7881,87.7424,736.9
26.7881,87.7929,750.0
26.7881,87.8434,694.5
26.7881,87.8939,663.1
26.7881,87.9444,695.5
26.7881,87.9949,688.9
26.7881,88.0455,665.2
26.7881,88.096,624.5
26.7881,88.1465,637.3
26.7881,88.197,611.1
26.7881,88.2475,610.0
26.7881,88.298,617.5
26.7881,88.3485,616.1
26.7881,88.399,566.3
26.7881,88.4495,571.9
26.7881,88.5,553.3
26.839,83.5,727.2
26.839,83.5505,809.9
26.839,83.601,860.8
26.839,83.6515,863.7
26.839,83.702,946.1
26.839,83.7525,1016.0
26.839,83.803,1077.0
26.839,83.8535,1096.1
26.839,83.904,1237.6
26.839,83.9545,1278.2
26.839,84.0051,1369.1
26.839,84.0556,1446.8
26.839,84.1061,1584.6
26.839,84.1566,1659.6
26.839,84.2071,1773.4
26.839,84.2576,1873.6
26.839,84.3081,1993.6
26.839,84.3586,2058.8
26.839,84.4091,2046.5
26.839,84.4596,2094.4
26.839,84.5101,2067.3
26.839,84.5606,2005.5
26.839,84.6111,1879.5
26.839,84.6616,1830.8
26.839,84.7121,1749.9
26.839,84.7626,1623.8
26.839,84.8131,1491.3
26.839,84.8636,1403.9
26.839,84.9141,1320.2
26.839,84.9646,1220.8
26.839,85.0152,1108.3
26.839,85.0657,1049.8
26.839,85.1162,1023.7
26.839,85.1667,1052.5
26.839,85.2172,1015.1
26.839,85.2677,1096.3
26.839,85.3182,1057.3
26.839,85.3687,1089.3
26.839,85.4192,1096.0
26.839,85.4697,1094.6
26.839,85.5202,1093.6
26.839,85.5707,1026.2
26.839,85.6212,1066.9
26.839,85.6717,1036.2
26.839,85.7222,1105.6
26.839,85.7727,1127.3
26.839,85.8232,1135.1
26.839,85.8737,1107.8
26.839,85.9242,1157.6
26.839,85.9747,1094.8
26.839,86.0253,1072.8
26.839,86.0758,1107.5
26.839,86.1263,1064.8
26.839,86.1768,1067.3
26.839,86.2273,999.7
26.839,86.2778,950.1
26.839,86.3283,970.1
26.839,86.3788,913.3
26.839,86.4293,851.1
26.839,86.4798,861.1
26.839,86.5303,813.1
26.839,86.5808,791.0
26.839,86.6313,770.9
26.839,86.6818,798.1
26.839,86.7323,793.9
26.839,86.7828,778.2
26.839,86.8333,722.2
26.839,86.8838,771.7
26.839,86.9343,747.9
26.839,86.9848,738.6
26.839,87.0354,699.8
26.839,87.0859,728.5
26.839,87.1364,703.4
26.839,87.1869,660.0
26.839,87.2374,690.2
26.839,87.2879,734.0
26.839,87.3384,671.2
26.839,87.3889,747.3
26.839,87.4394,726.3
26.839,87.4899,722.6
26.839,87.5404,692.5
26.839,87.5909,688.0
26.839,87.6414,739.5
26.839,87.6919,682.7
26.839,87.7424,714.5
26.839,87.7929,676.6
26.839,87.8434,648.2
26.839,87.8939,629.2
26.839,87.9444,662.8
26.839,87.9949,687.8
26.839,88.0455,629.7
26.839,88.096,619.2
26.839,88.1465,608.7
26.839,88.197,613.6
26.839,88.2475,598.3
26.839,88.298,624.9
26.839,88.3485,586.8
26.839,88.399,579.3
26.839,88.4495,542.5
26.839,88.5,603.4
26.8898,83.5,717.6
26.8898,83.5505,736.7
26.8898,83.601,821.4
26.8898,83.6515,858.2
26.8898,83.702,891.0
26.8898,83.7525,944.3
26.8898,83.803,1031.7
26.8898,83.8535,1048.8
26.8898,83.904,1168.9
26.8898,83.9545,1231.1
26.8898,84.0051,1293.5
26.8898,84.0556,1381.5
26.8898,84.1061,1452.3
26.8898,84.1566,1578.6
26.8898,84.2071,1642.5
26.8898,84.2576,1702.5
26.8898,84.3081,1787.5
26.8898,84.3586,1865.7
26.8898,84.4091,1846.5
26.8898,84.4596,1887.9
26.8898,84.5101,1821.3
26.8898,84.5606,1756.2
26.8898,84.6111,1708.5
26.8898,84.6616,1652.7
26.8898,84.7121,1555.1
26.8898,84.7626,1451.3
26.8898,84.8131,1437.4
26.8898,84.8636,1346.2
26.8898,84.9141,1256.2
26.8898,84.9646,1133.3
26.8898,85.0152,1058.0
26.8898,85.0657,988.1
26.8898,85.1162,981.0
26.8898,85.1667,989.9
26.8898,85.2172,966.7
26.8898,85.2677,954.8
26.8898,85.3182,995.1
26.8898,85.3687,986.3
26.8898,85.4192,988.1
26.8898,85.4697,1002.7
26.8898,85.5202,1001.0
26.8898,85.5707,938.8
26.8898,85.6212,932.9
26.8898,85.6717,1032.1
26.8898,85.7222,990.4
26.8898,85.7727,991.2
26.8898,85.8232,1012.6
26.8898,85.8737,1005.9
26.8898,85.9242,1034.2
26.8898,85.9747,1061.9
26.8898,86.0253,1014.7
26.8898,86.0758,1008.0
26.8898,86.1263,1007.5
26.8898,86.1768,971.8
26.8898,86.2273,975.0
26.8898,86.2778,948.5
26.8898,86.3283,852.1
26.8898,86.3788,885.1
26.8898,86.4293,831.4
26.8898,86.4798,845.9
26.8898,86.5303,778.7
26.8898,86.5808,793.4
26.8898,86.6313,757.4
26.8898,86.6818,715.0
26.8898,86.7323,734.7
26.8898,86.7828,766.0
26.8898,86.8333,748.9
26.8898,86.8838,680.5
26.8898,86.9343,720.5
26.8898,86.9848,682.2
26.8898,87.0354,645.0
26.8898,87.0859,666.2
26.8898,87.1364,641.9
26.8898,87.1869,691.5
26.8898,87.2374,658.4
26.8898,87.2879,702.2
26.8898,87.3384,639.6
26.8898,87.3889,666.6
26.8898,87.4394,662.6
26.8898,87.4899,662.1
26.8898,87.5404,647.8
26.8898,87.5909,655.1
26.8898,87.6414,681.2
26.8898,87.6919,655.8
26.8898,87.7424,660.6
26.8898,87.7929,651.2
26.8898,87.8434,684.4
26.8898,87.8939,679.5
26.8898,87.9444,638.8
26.8898,87.9949,617.8
26.8898,88.0455,591.8
26.8898,88.096,651.4
26.8898,88.1465,571.9
26.8898,88.197,583.0
26.8898,88.2475,575.4
26.8898,88.298,569.8
26.8898,88.3485,550.3
26.8898,88.399,593.1
26.8898,88.4495,533.9
26.8898,88.5,569.0
26.9407,83.5,693.1
26.9407,83.5505,719.4
26.9407,83.601,820.8
26.9407,83.6515,801.6
26.9407,83.702,894.8
26.9407,83.7525,919.9
26.9407,83.803,934.5
26.9407,83.8535,1061.4
26.9407,83.904,1066.1
26.9407,83.9545,1180.7
26.9407,84.0051,1194.6
26.9407,84.0556,1321.0
26.9407,84.1061,1326.3
26.9407,84.1566,1437.3
26.9407,84.2071,1525.2
26.9407,84.2576,1598.5
26.9407,84.3081,1646.2
26.9407,84.3586,1675.1
26.9407,84.4091,1700.3
26.9407,84.4596,1647.2
26.9407,84.5101,1638.1
26.9407,84.5606,1605.9
26.9407,84.6111,1566.1
26.9407,84.6616,1509.3
26.9407,84.7121,1455.5
26.9407,84.7626,1354.1
26.9407,84.8131,1324.2
26.9407,84.8636,1210.4
26.9407,84.9141,1152.0
26.9407,84.9646,1100.9
26.9407,85.0152,1062.0
26.9407,85.0657,999.7
26.9407,85.1162,939.1
26.9407,85.1667,868.6
26.9407,85.2172,913.5
26.9407,85.2677,887.4
26.9407,85.3182,917.7
26.9407,85.3687,924.1
26.9407,85.4192,893.9
26.9407,85.4697,908.6
26.9407,85.5202,955.4
26.9407,85.5707,944.1
26.9407,85.6212,898.3
26.9407,85.6717,892.0
26.9407,85.7222,918.6
26.9407,85.7727,947.9
26.9407,85.8232,1000.9
26.9407,85.8737,940.7
26.9407,85.9242,990.6
26.9407,85.9747,934.0
26.9407,86.0253,995.5
26.9407,86.0758,935.3
26.9407,86.1263,951.3
26.9407,86.1768,898.3
26.9407,86.2273,900.5
26.9407,86.2778,843.4
26.9407,86.3283,816.4
26.9407,86.3788,855.9
26.9407,86.4293,830.3
26.9407,86.4798,804.3
26.9407,86.5303,760.4
26.9407,86.5808,753.0
26.9407,86.6313,672.9
26.9407,86.6818,690.2
26.9407,86.7323,685.7
26.9407,86.7828,707.3
26.9407,86.8333,679.6
26.9407,86.8838,656.7
26.9407,86.9343,685.4
26.9407,86.9848,694.9
26.9407,87.0354,651.8
26.9407,87.0859,623.0
26.9407,87.1364,619.0
26.9407,87.1869,623.1
26.9407,87.2374,632.6
26.9407,87.2879,663.9
26.9407,87.3384,663.5
26.9407,87.3889,673.1
26.9407,87.4394,647.5
26.9407,87.4899,684.5
26.9407,87.5404,634.1
26.9407,87.5909,653.4
26.9407,87.6414,677.2
26.9407,87.6919,623.9
26.9407,87.7424,613.9
26.9407,87.7929,670.8
26.9407,87.8434,621.9
26.9407,87.8939,643.0
26.9407,87.9444,583.9
26.9407,87.9949,630.3
26.9407,88.0455,593.6
26.9407,88.096,565.8
26.9407,88.1465,603.3
26.9407,88.197,567.0
26.9407,88.2475,572.1
26.9407,88.298,541.3
26.9407,88.3485,540.5
26.9407,88.399,546.8
26.9407,88.4495,524.6
26.9407,88.5,585.2
26.9915,83.5,669.1
26.9915,83.5505,735.2
26.9915,83.601,737.4
26.9915,83.6515,786.7
26.9915,83.702,874.4
26.9915,83.7525,855.3
26.9915,83.803,965.5
26.9915,83.8535,954.4
26.9915,83.904,1050.6
26.9915,83.9545,1091.4
26.9915,84.0051,1177.3
26.9915,84.0556,1211.1
26.9915,84.1061,1269.8
26.9915,84.1566,1301.1
26.9915,84.2071,1353.3
26.9915,84.2576,1461.5
26.9915,84.3081,1453.8
26.9915,84.3586,1485.7
26.9915,84.4091,1532.2
26.9915,84.4596,1500.1
26.9915,84.5101,1536.8
26.9915,84.5606,1494.0
26.9915,84.6111,1445.7
26.9915,84.6616,1421.9
26.9915,84.7121,1302.1
26.9915,84.7626,1260.9
26.9915,84.8131,1217.5
26.9915,84.8636,1138.1
26.9915,84.9141,1120.2
26.9915,84.9646,1077.1
26.9915,85.0152,983.5
26.9915,85.0657,926.4
26.9915,85.1162,929.2
26.9915,85.1667,845.0
26.9915,85.2172,854.5
26.9915,85.2677,852.2
26.9915,85.3182,902.7
26.9915,85.3687,878.3
26.9915,85.4192,893.5
26.9915,85.4697,894.2
26.9915,85.5202,850.2
26.9915,85.5707,848.5
26.9915,85.6212,885.3
26.9915,85.6717,861.7
26.9915,85.7222,909.0
26.9915,85.7727,930.8
26.9915,85.8232,912.3
26.9915,85.8737,925.3
26.9915,85.9242,930.5
26.9915,85.9747,930.2
26.9915,86.0253,887.4
26.9915,86.0758,850.0
26.9915,86.1263,865.3
26.9915,86.1768,872.0
26.9915,86.2273,837.1
26.9915,86.2778,842.5
26.9915,86.3283,791.6
26.9915,86.3788,793.8
26.9915,86.4293,737.7
26.9915,86.4798,762.7
26.9915,86.5303,726.8
26.9915,86.5808,680.5
26.9915,86.6313,669.5
26.9915,86.6818,695.9
26.9915,86.7323,672.2
26.9915,86.7828,647.5
26.9915,86.8333,703.2
26.9915,86.8838,677.8
26.9915,86.9343,691.2
26.9915,86.9848,642.1
26.9915,87.0354,638.9
26.9915,87.0859,665.3
26.9915,87.1364,627.7
26.9915,87.1869,641.7
26.9915,87.2374,609.1
26.9915,87.2879,627.8
26.9915,87.3384,604.4
26.9915,87.3889,612.7
26.9915,87.4394,597.2
26.9915,87.4899,600.3
26.9915,87.5404,674.6
26.9915,87.5909,614.3
26.9915,87.6414,645.7
26.9915,87.6919,656.8
26.9915,87.7424,630.0
26.9915,87.7929,594.0
26.9915,87.8434,635.3
26.9915,87.8939,619.9
26.9915,87.9444,625.0
26.9915,87.9949,622.4
26.9915,88.0455,633.0
26.9915,88.096,595.0
26.9915,88.1465,570.6
26.9915,88.197,589.4
26.9915,88.2475,537.3
26.9915,88.298,598.2
26.9915,88.3485,530.7
26.9915,88.399,542.3
26.9915,88.4495,576.6
26.9915,88.5,554.6
27.0424,83.5,685.4
27.0424,83.5505,717.0
27.0424,83.601,775.5
27.0424,83.6515,765.3
27.0424,83.702,841.7
27.0424,83.7525,816.4
27.0424,83.803,911.7
27.0424,83.8535,960.7
27.0424,83.904,953.4
27.0424,83.9545,1021.6
27.0424,84.0051,1050.3
27.0424,84.0556,1144.1
27.0424,84.1061,1180.4
27.0424,84.1566,1236.4
27.0424,84.2071,1245.6
27.0424,84.2576,1285.6
27.0424,84.3081,1303.5
27.0424,84.3586,1348.4
27.0424,84.4091,1379.7
27.0424,84.4596,1404.8
27.0424,84.5101,1379.7
27.0424,84.5606,1340.9
27.0424,84.6111,1352.7
27.0424,84.6616,1296.7
27.0424,84.7121,1270.3
27.0424,84.7626,1190.8
27.0424,84.8131,1119.6
27.0424,84.8636,1052.5
27.0424,84.9141,1056.3
27.0424,84.9646,959.2
27.0424,85.0152,927.2
27.0424,85.0657,901.6
27.0424,85.1162,863.2
27.0424,85.1667,828.2
27.0424,85.2172,781.5
27.0424,85.2677,805.6
27.0424,85.3182,829.4
27.0424,85.3687,860.0
27.0424,85.4192,840.4
27.0424,85.4697,853.3
27.0424,85.5202,835.3
27.0424,85.5707,814.2
27.0424,85.6212,786.6
27.0424,85.6717,837.1
27.0424,85.7222,844.2
27.0424,85.7727,850.7
27.0424,85.8232,847.4
27.0424,85.8737,853.4
27.0424,85.9242,837.9
27.0424,85.9747,849.9
27.0424,86.0253,818.6
27.0424,86.0758,859.1
27.0424,86.1263,799.1
27.0424,86.1768,778.6
27.0424,86.2273,792.6
27.0424,86.2778,795.0
27.0424,86.3283,761.1
27.0424,86.3788,731.4
27.0424,86.4293,736.8
27.0424,86.4798,702.9
27.0424,86.5303,733.0
27.0424,86.5808,716.0
27.0424,86.6313,666.8
27.0424,86.6818,638.5
27.0424,86.7323,669.3
27.0424,86.7828,610.4
27.0424,86.8333,641.8
27.0424,86.8838,626.3
27.0424,86.9343,668.1
27.0424,86.9848,589.9
27.0424,87.0354,627.2
27.0424,87.0859,635.9
27.0424,87.1364,609.0
27.0424,87.1869,575.4
27.0424,87.2374,649.5
27.0424,87.2879,615.8
27.0424,87.3384,625.5
27.0424,87.3889,596.7
27.0424,87.4394,617.2
27.0424,87.4899,613.0
27.0424,87.5404,584.0
27.0424,87.5909,585.3
27.0424,87.6414,641.8
27.0424,87.6919,591.5
27.0424,87.7424,584.9
27.0424,87.7929,606.2
27.0424,87.8434,623.3
27.0424,87.8939,562.5
27.0424,87.9444,599.1
27.0424,87.9949,557.7
27.0424,88.0455,546.2
27.0424,88.096,542.5
27.0424,88.1465,600.0
27.0424,88.197,537.8
27.0424,88.2475,527.1
27.0424,88.298,553.9
27.0424,88.3485,581.8
27.0424,88.399,530.9
27.0424,88.4495,539.5
27.0424,88.5,505.1
27.0932,83.5,675.3
27.0932,83.5505,708.3
27.0932,83.601,732.9
27.0932,83.6515,741.3
27.0932,83.702,770.1
27.0932,83.7525,786.1
27.0932,83.803,842.1
27.0932,83.8535,858.2
27.0932,83.904,951.1
27.0932,83.9545,1008.2
27.0932,84.0051,1050.7
27.0932,84.0556,1084.6
27.0932,84.1061,1104.9
27.0932,84.1566,1152.4
27.0932,84.2071,1155.2
27.0932,84.2576,1214.3
27.0932,84.3081,1225.5
27.0932,84.3586,1245.6
27.0932,84.4091,1277.4
27.0932,84.4596,1240.3
27.0932,84.5101,1235.4
27.0932,84.5606,1267.7
27.0932,84.6111,1174.5
27.0932,84.6616,1178.8
27.0932,84.7121,1177.8
27.0932,84.7626,1114.8
27.0932,84.8131,1068.5
27.0932,84.8636,1002.6
27.0932,84.9141,967.8
27.0932,84.9646,967.1
27.0932,85.0152,903.7
27.0932,85.0657,862.1
27.0932,85.1162,793.2
27.0932,85.1667,753.3
27.0932,85.2172,804.2
27.0932,85.2677,763.1
27.0932,85.3182,785.2
27.0932,85.3687,745.2
27.0932,85.4192,793.3
27.0932,85.4697,811.0
27.0932,85.5202,778.2
27.0932,85.5707,736.1
27.0932,85.6212,777.4
27.0932,85.6717,802.5
27.0932,85.7222,782.4
27.0932,85.7727,827.0
27.0932,85.8232,813.2
27.0932,85.8737,835.6
27.0932,85.9242,813.6
27.0932,85.9747,771.9
27.0932,86.0253,781.6
27.0932,86.0758,766.3
27.0932,86.1263,814.3
27.0932,86.1768,792.2
27.0932,86.2273,773.8
27.0932,86.2778,730.9
27.0932,86.3283,708.0
27.0932,86.3788,739.6
27.0932,86.4293,702.6
27.0932,86.4798,668.3
27.0932,86.5303,685.3
27.0932,86.5808,625.3
27.0932,86.6313,634.8
27.0932,86.6818,633.3
27.0932,86.7323,601.9
27.0932,86.7828,666.5
27.0932,86.8333,601.4
27.0932,86.8838,591.5
27.0932,86.9343,593.2
27.0932,86.9848,633.8
27.0932,87.0354,601.3
27.0932,87.0859,607.2
27.0932,87.1364,558.2
27.0932,87.1869,557.0
27.0932,87.2374,592.5
27.0932,87.2879,624.4
27.0932,87.3384,631.6
27.0932,87.3889,568.8
27.0932,87.4394,605.6
27.0932,87.4899,635.7
27.0932,87.5404,593.1
27.0932,87.5909,627.4
27.0932,87.6414,570.1
27.0932,87.6919,632.2
27.0932,87.7424,614.9
27.0932,87.7929,627.2
27.0932,87.8434,602.7
27.0932,87.8939,574.0
27.0932,87.9444,616.1
27.0932,87.9949,559.1
27.0932,88.0455,559.5
27.0932,88.096,584.7
27.0932,88.1465,585.7
27.0932,88.197,594.6
27.0932,88.2475,532.5
27.0932,88.298,575.9
27.0932,88.3485,567.2
27.0932,88.399,509.5
27.0932,88.4495,531.8
27.0932,88.5,520.0
27.1441,83.5,649.5
27.1441,83.5505,724.1
27.1441,83.601,719.3
27.1441,83.6515,749.7
27.1441,83.702,797.0
27.1441,83.7525,777.6
27.1441,83.803,842.2
27.1441,83.8535,845.1
27.1441,83.904,913.8
27.1441,83.9545,893.7
27.1441,84.0051,990.6
27.1441,84.0556,967.7
27.1441,84.1061,1010.6
27.1441,84.1566,1077.5
27.1441,84.2071,1078.0
27.1441,84.2576,1120.6
27.1441,84.3081,1127.9
27.1441,84.3586,1166.1
27.1441,84.4091,1132.8
27.1441,84.4596,1120.0
27.1441,84.5101,1133.1
27.1441,84.5606,1134.0
27.1441,84.6111,1090.4
27.1441,84.6616,1081.0
27.1441,84.7121,1055.9
27.1441,84.7626,996.6
27.1441,84.8131,1004.6
27.1441,84.8636,993.5
27.1441,84.9141,899.3
27.1441,84.9646,899.8
27.1441,85.0152,871.0
27.1441,85.0657,818.7
27.1441,85.1162,810.2
27.1441,85.1667,757.9
27.1441,85.2172,738.4
27.1441,85.2677,696.9
27.1441,85.3182,754.9
27.1441,85.3687,754.0
27.1441,85.4192,704.1
27.1441,85.4697,728.6
27.1441,85.5202,774.0
27.1441,85.5707,724.3
27.1441,85.6212,735.7
27.1441,85.6717,776.9
27.1441,85.7222,768.7
27.1441,85.7727,763.4
27.1441,85.8232,784.5
27.1441,85.8737,791.8
27.1441,85.9242,759.2
27.1441,85.9747,758.8
27.1441,86.0253,747.9
27.1441,86.0758,788.9
27.1441,86.1263,760.2
27.1441,86.1768,702.6
27.1441,86.2273,755.3
27.1441,86.2778,714.1
27.1441,86.3283,669.7
27.1441,86.3788,696.3
27.1441,86.4293,673.6
27.1441,86.4798,698.2
27.1441,86.5303,632.2
27.1441,86.5808,670.1
27.1441,86.6313,637.0
27.1441,86.6818,585.7
27.1441,86.7323,650.3
27.1441,86.7828,611.6
27.1441,86.8333,591.4
27.1441,86.8838,602.6
27.1441,86.9343,630.2
27.1441,86.9848,582.1
27.1441,87.0354,568.9
27.1441,87.0859,559.4
27.1441,87.1364,568.3
27.1441,87.1869,604.1
27.1441,87.2374,581.7
27.1441,87.2879,564.0
27.1441,87.3384,560.5
27.1441,87.3889,574.8
27.1441,87.4394,623.9
27.1441,87.4899,576.2
27.1441,87.5404,627.4
27.1441,87.5909,586.2
27.1441,87.6414,560.4
27.1441,87.6919,615.6
27.1441,87.7424,579.1
27.1441,87.7929,596.5
27.1441,87.8434,615.7
27.1441,87.8939,538.0
27.1441,87.9444,538.4
27.1441,87.9949,584.9
27.1441,88.0455,546.3
27.1441,88.096,534.9
27.1441,88.1465,519.7
27.1441,88.197,514.7
27.1441,88.2475,571.4
27.1441,88.298,516.7
27.1441,88.3485,540.0
27.1441,88.399,547.8
27.1441,88.4495,530.5
27.1441,88.5,500.0
27.1949,83.5,674.1
27.1949,83.5505,630.4
27.1949,83.601,710.4
27.1949,83.6515,742.4
27.1949,83.702,728.8
27.1949,83.7525,762.0
27.1949,83.803,783.8
27.1949,83.8535,804.6
27.1949,83.904,873.4
27.1949,83.9545,903.6
27.1949,84.0051,888.9
27.1949,84.0556,940.8
27.1949,84.1061,994.3
27.1949,84.1566,1023.8
27.1949,84.2071,1011.7
27.1949,84.2576,1027.9
27.1949,84.3081,1030.5
27.1949,84.3586,1096.5
27.1949,84.4091,1037.5
27.1949,84.4596,1073.1
27.1949,84.5101,1044.3
27.1949,84.5606,1033.6
27.1949,84.6111,1028.2
27.1949,84.6616,1055.9
27.1949,84.7121,956.9
27.1949,84.7626,972.6
27.1949,84.8131,904.7
27.1949,84.8636,881.0
27.1949,84.9141,873.9
27.1949,84.9646,849.9
27.1949,85.0152,800.6
27.1949,85.0657,777.1
27.1949,85.1162,731.9
27.1949,85.1667,723.9
27.1949,85.2172,753.3
27.1949,85.2677,740.1
27.1949,85.3182,694.0
27.1949,85.3687,714.2
27.1949,85.4192,741.2
27.1949,85.4697,667.4
27.1949,85.5202,728.9
27.1949,85.5707,735.7
27.1949,85.6212,672.1
27.1949,85.6717,684.8
27.1949,85.7222,754.6
27.1949,85.7727,725.4
27.1949,85.8232,686.6
27.1949,85.8737,707.7
27.1949,85.9242,723.1
27.1949,85.9747,741.0
27.1949,86.0253,741.2
27.1949,86.0758,757.6
27.1949,86.1263,695.1
27.1949,86.1768,708.1
27.1949,86.2273,699.7
27.1949,86.2778,680.6
27.1949,86.3283,652.2
27.1949,86.3788,706.9
27.1949,86.4293,686.7
27.1949,86.4798,647.9
27.1949,86.5303,646.0
27.1949,86.5808,605.7
27.1949,86.6313,621.2
27.1949,86.6818,623.7
27.1949,86.7323,600.2
27.1949,86.7828,635.0
27.1949,86.8333,602.6
27.1949,86.8838,580.8
27.1949,86.9343,610.0
27.1949,86.9848,558.6
27.1949,87.0354,572.2
27.1949,87.0859,565.5
27.1949,87.1364,568.4
27.1949,87.1869,593.4
27.1949,87.2374,571.5
27.1949,87.2879,597.8
27.1949,87.3384,581.6
27.1949,87.3889,563.6
27.1949,87.4394,601.5
27.1949,87.4899,555.8
27.1949,87.5404,554.3
27.1949,87.5909,576.0
27.1949,87.6414,555.4
27.1949,87.6919,533.8
27.1949,87.7424,583.2
27.1949,87.7929,570.1
27.1949,87.8434,562.5
27.1949,87.8939,601.7
27.1949,87.9444,567.3
27.1949,87.9949,587.8
27.1949,88.0455,526.9
27.1949,88.096,558.3
27.1949,88.1465,579.1
27.1949,88.197,553.2
27.1949,88.2475,561.0
27.1949,88.298,530.3
27.1949,88.3485,505.1
27.1949,88.399,531.5
27.1949,88.4495,523.7
27.1949,88.5,559.0
27.2458,83.5,617.8
27.2458,83.5505,691.8
27.2458,83.601,708.6
27.2458,83.6515,670.7
27.2458,83.702,699.0
27.2458,83.7525,764.5
27.2458,83.803,793.0
27.2458,83.8535,775.1
27.2458,83.904,789.9
27.2458,83.9545,831.4
27.2458,84.0051,869.5
27.2458,84.0556,861.1
27.2458,84.1061,921.8
27.2458,84.1566,889.1
27.2458,84.2071,908.7
27.2458,84.2576,952.6
27.2458,84.3081,963.4
27.2458,84.3586,969.8
27.2458,84.4091,988.9
27.2458,84.4596,975.8
27.2458,84.5101,961.4
27.2458,84.5606,962.3
27.2458,84.6111,1003.0
27.2458,84.6616,941.7
27.2458,84.7121,925.2
27.2458,84.7626,914.1
27.2458,84.8131,923.3
27.2458,84.8636,839.4
27.2458,84.9141,849.5
27.2458,84.9646,827.1
27.2458,85.0152,793.6
27.2458,85.0657,728.0
27.2458,85.1162,752.0
27.2458,85.1667,681.0
27.2458,85.2172,703.0
27.2458,85.2677,696.2
27.2458,85.3182,656.1
27.2458,85.3687,707.7
27.2458,85.4192,642.7
27.2458,85.4697,706.5
27.2458,85.5202,673.4
27.2458,85.5707,650.6
27.2458,85.6212,648.6
27.2458,85.6717,720.1
27.2458,85.7222,654.5
27.2458,85.7727,668.4
27.2458,85.8232,682.9
27.2458,85.8737,706.0
27.2458,85.9242,700.0
27.2458,85.9747,665.2
27.2458,86.0253,675.8
27.2458,86.0758,668.0
27.2458,86.1263,661.1
27.2458,86.1768,671.1
27.2458,86.2273,687.8
27.2458,86.2778,641.5
27.2458,86.3283,645.4
27.2458,86.3788,639.0
27.2458,86.4293,677.2
27.2458,86.4798,666.7
27.2458,86.5303,645.5
27.2458,86.5808,592.2
27.2458,86.6313,569.8
27.2458,86.6818,581.5
27.2458,86.7323,569.6
27.2458,86.7828,583.4
27.2458,86.8333,603.4
27.2458,86.8838,607.7
27.2458,86.9343,604.2
27.2458,86.9848,562.7
27.2458,87.0354,585.9
27.2458,87.0859,552.8
27.2458,87.1364,529.3
27.2458,87.1869,577.6
27.2458,87.2374,523.8
27.2458,87.2879,557.0
27.2458,87.3384,551.6
27.2458,87.3889,581.4
27.2458,87.4394,587.6
27.2458,87.4899,550.7
27.2458,87.5404,591.0
27.2458,87.5909,549.0
27.2458,87.6414,560.2
27.2458,87.6919,581.5
27.2458,87.7424,577.2
27.2458,87.7929,599.1
27.2458,87.8434,536.1
27.2458,87.8939,569.0
27.2458,87.9444,562.4
27.2458,87.9949,584.4
27.2458,88.0455,521.2
27.2458,88.096,566.3
27.2458,88.1465,549.0
27.2458,88.197,522.9
27.2458,88.2475,536.3
27.2458,88.298,522.5
27.2458,88.3485,539.6
27.2458,88.399,562.0
27.2458,88.4495,534.1
27.2458,88.5,536.8
27.2966,83.5,627.4
27.2966,83.5505,604.2
27.2966,83.601,634.1
27.2966,83.6515,671.4
27.2966,83.702,674.6
27.2966,83.7525,683.1
27.2966,83.803,728.5
27.2966,83.8535,734.5
27.2966,83.904,750.3
27.2966,83.9545,788.0
27.2966,84.0051,782.7
27.2966,84.0556,866.9
27.2966,84.1061,881.8
27.2966,84.1566,887.2
27.2966,84.2071,855.4
27.2966,84.2576,922.8
27.2966,84.3081,936.3
27.2966,84.3586,940.8
27.2966,84.4091,892.6
27.2966,84.4596,935.4
27.2966,84.5101,947.3
27.2966,84.5606,919.9
27.2966,84.6111,915.1
27.2966,84.6616,886.9
27.2966,84.7121,876.7
27.2966,84.7626,819.3
27.2966,84.8131,848.3
27.2966,84.8636,783.2
27.2966,84.9141,790.4
27.2966,84.9646,757.8
27.2966,85.0152,757.0
27.2966,85.0657,703.4
27.2966,85.1162,728.2
27.2966,85.1667,717.5
27.2966,85.2172,649.0
27.2966,85.2677,627.5
27.2966,85.3182,626.7
27.2966,85.3687,686.1
27.2966,85.4192,658.1
27.2966,85.4697,652.2
27.2966,85.5202,621.4
27.2966,85.5707,662.0
27.2966,85.6212,684.0
27.2966,85.6717,685.7
27.2966,85.7222,673.6
27.2966,85.7727,632.6
27.2966,85.8232,637.8
27.2966,85.8737,633.8
27.2966,85.9242,650.5
27.2966,85.9747,639.7
27.2966,86.0253,647.5
27.2966,86.0758,654.4
27.2966,86.1263,695.0
27.2966,86.1768,663.6
27.2966,86.2273,676.0
27.2966,86.2778,659.8
27.2966,86.3283,605.3
27.2966,86.3788,648.1
27.2966,86.4293,604.0
27.2966,86.4798,625.7
27.2966,86.5303,594.3
27.2966,86.5808,639.5
27.2966,86.6313,573.5
27.2966,86.6818,567.7
27.2966,86.7323,613.0
27.2966,86.7828,534.0
27.2966,86.8333,586.1
27.2966,86.8838,586.6
27.2966,86.9343,593.4
27.2966,86.9848,602.2
27.2966,87.0354,599.8
27.2966,87.0859,524.3
27.2966,87.1364,582.0
27.2966,87.1869,565.1
27.2966,87.2374,566.4
27.2966,87.2879,525.9
27.2966,87.3384,568.5
27.2966,87.3889,595.6
27.2966,87.4394,590.3
27.2966,87.4899,552.5
27.2966,87.5404,520.3
27.2966,87.5909,545.6
27.2966,87.6414,582.0
27.2966,87.6919,571.0
27.2966,87.7424,550.3
27.2966,87.7929,516.5
27.2966,87.8434,544.6
27.2966,87.8939,546.2
27.2966,87.9444,581.0
27.2966,87.9949,556.0
27.2966,88.0455,527.5
27.2966,88.096,542.4
27.2966,88.1465,503.4
27.2966,88.197,573.7
27.2966,88.2475,522.5
27.2966,88.298,529.7
27.2966,88.3485,517.8
27.2966,88.399,541.9
27.2966,88.4495,538.2
27.2966,88.5,540.6
27.3475,83.5,595.6
27.3475,83.5505,612.0
27.3475,83.601,610.2
27.3475,83.6515,667.1
27.3475,83.702,633.2
27.3475,83.7525,694.0
27.3475,83.803,732.7
27.3475,83.8535,751.9
27.3475,83.904,734.4
27.3475,83.9545,753.1
27.3475,84.0051,740.3
27.3475,84.0556,805.1
27.3475,84.1061,833.5
27.3475,84.1566,802.4
27.3475,84.2071,830.0
27.3475,84.2576,874.8
27.3475,84.3081,886.8
27.3475,84.3586,842.3
27.3475,84.4091,870.3
27.3475,84.4596,842.0
27.3475,84.5101,832.0
27.3475,84.5606,891.1
27.3475,84.6111,875.5
27.3475,84.6616,859.8
27.3475,84.7121,789.9
27.3475,84.7626,838.8
27.3475,84.8131,790.2
27.3475,84.8636,765.5
27.3475,84.9141,764.1
27.3475,84.9646,709.8
27.3475,85.0152,745.1
27.3475,85.0657,713.6
27.3475,85.1162,664.9
27.3475,85.1667,648.7
27.3475,85.2172,632.8
27.3475,85.2677,607.9
27.3475,85.3182,641.2
27.3475,85.3687,662.1
27.3475,85.4192,596.2
27.3475,85.4697,597.9
27.3475,85.5202,638.1
27.3475,85.5707,655.5
27.3475,85.6212,620.3
27.3475,85.6717,626.2
27.3475,85.7222,649.3
27.3475,85.7727,626.1
27.3475,85.8232,608.1
27.3475,85.8737,665.7
27.3475,85.9242,657.0
27.3475,85.9747,652.5
27.3475,86.0253,663.6
27.3475,86.0758,655.7
27.3475,86.1263,614.8
27.3475,86.1768,622.5
27.3475,86.2273,599.8
27.3475,86.2778,594.9
27.3475,86.3283,633.0
27.3475,86.3788,641.7
27.3475,86.4293,643.8
27.3475,86.4798,610.8
27.3475,86.5303,568.9
27.3475,86.5808,556.4
27.3475,86.6313,606.7
27.3475,86.6818,581.9
27.3475,86.7323,579.2
27.3475,86.7828,586.7
27.3475,86.8333,577.2
27.3475,86.8838,586.2
27.3475,86.9343,522.2
27.3475,86.9848,575.6
27.3475,87.0354,581.8
27.3475,87.0859,534.4
27.3475,87.1364,560.3
27.3475,87.1869,531.8
27.3475,87.2374,583.9
27.3475,87.2879,510.9
27.3475,87.3384,555.3
27.3475,87.3889,522.7
27.3475,87.4394,566.6
27.3475,87.4899,523.7
27.3475,87.5404,528.2
27.3475,87.5909,548.5
27.3475,87.6414,581.5
27.3475,87.6919,524.4
27.3475,87.7424,518.0
27.3475,87.7929,565.9
27.3475,87.8434,543.9
27.3475,87.8939,575.2
27.3475,87.9444,512.4
27.3475,87.9949,550.6
27.3475,88.0455,515.8
27.3475,88.096,507.8
27.3475,88.1465,548.1
27.3475,88.197,539.0
27.3475,88.2475,550.0
27.3475,88.298,512.5
27.3475,88.3485,521.7
27.3475,88.399,516.5
27.3475,88.4495,561.1
27.3475,88.5,504.1
27.3983,83.5,586.8
27.3983,83.5505,602.6
27.3983,83.601,631.2
27.3983,83.6515,618.8
27.3983,83.702,685.2
27.3983,83.7525,647.2
27.3983,83.803,712.1
27.3983,83.8535,663.6
27.3983,83.904,723.0
27.3983,83.9545,758.2
27.3983,84.0051,714.0
27.3983,84.0556,792.4
27.3983,84.1061,764.8
27.3983,84.1566,816.7
27.3983,84.2071,806.3
27.3983,84.2576,785.6
27.3983,84.3081,783.9
27.3983,84.3586,798.3
27.3983,84.4091,784.2
27.3983,84.4596,788.5
27.3983,84.5101,783.2
27.3983,84.5606,804.0
27.3983,84.6111,827.0
27.3983,84.6616,765.7
27.3983,84.7121,754.1
27.3983,84.7626,783.0
27.3983,84.8131,733.9
27.3983,84.8636,711.6
27.3983,84.9141,702.3
27.3983,84.9646,747.7
27.3983,85.0152,724.4
27.3983,85.0657,672.0
27.3983,85.1162,681.6
27.3983,85.1667,658.0
27.3983,85.2172,655.7
27.3983,85.2677,643.4
27.3983,85.3182,627.1
27.3983,85.3687,597.9
27.3983,85.4192,579.7
27.3983,85.4697,612.3
27.3983,85.5202,645.8
27.3983,85.5707,618.1
27.3983,85.6212,643.0
27.3983,85.6717,659.2
27.3983,85.7222,595.7
27.3983,85.7727,640.1
27.3983,85.8232,640.2
27.3983,85.8737,665.4
27.3983,85.9242,665.9
27.3983,85.9747,641.3
27.3983,86.0253,604.4
27.3983,86.0758,646.6
27.3983,86.1263,588.5
27.3983,86.1768,639.0
27.3983,86.2273,645.5
27.3983,86.2778,599.0
27.3983,86.3283,614.1
27.3983,86.3788,593.1
27.3983,86.4293,588.5
27.3983,86.4798,573.0
27.3983,86.5303,603.8
27.3983,86.5808,612.3
27.3983,86.6313,607.4
27.3983,86.6818,540.9
27.3983,86.7323,591.9
27.3983,86.7828,576.0
27.3983,86.8333,533.0
27.3983,86.8838,516.9
27.3983,86.9343,531.5
27.3983,86.9848,581.5
27.3983,87.0354,557.4
27.3983,87.0859,562.5
27.3983,87.1364,523.4
27.3983,87.1869,558.3
27.3983,87.2374,503.2
27.3983,87.2879,531.7
27.3983,87.3384,552.4
27.3983,87.3889,514.4
27.3983,87.4394,568.7
27.3983,87.4899,521.7
27.3983,87.5404,554.9
27.3983,87.5909,534.8
27.3983,87.6414,549.5
27.3983,87.6919,509.7
27.3983,87.7424,501.6
27.3983,87.7929,572.0
27.3983,87.8434,519.6
27.3983,87.8939,562.3
27.3983,87.9444,575.3
27.3983,87.9949,510.8
27.3983,88.0455,513.6
27.3983,88.096,543.8
27.3983,88.1465,566.4
27.3983,88.197,560.8
27.3983,88.2475,526.2
27.3983,88.298,548.0
27.3983,88.3485,500.0
27.3983,88.399,559.4
27.3983,88.4495,556.9
27.3983,88.5,500.0
27.4492,83.5,577.1
27.4492,83.5505,570.8
27.4492,83.601,594.8
27.4492,83.6515,649.2
27.4492,83.702,625.7
27.4492,83.7525,614.5
27.4492,83.803,647.3
27.4492,83.8535,711.1
27.4492,83.904,695.8
27.4492,83.9545,691.5
27.4492,84.0051,684.1
27.4492,84.0556,761.7
27.4492,84.1061,759.8
27.4492,84.1566,727.1
27.4492,84.2071,719.3
27.4492,84.2576,725.9
27.4492,84.3081,737.1
27.4492,84.3586,778.1
27.4492,84.4091,808.2
27.4492,84.4596,773.9
27.4492,84.5101,799.8
27.4492,84.5606,764.2
27.4492,84.6111,779.6
27.4492,84.6616,774.1
27.4492,84.7121,720.6
27.4492,84.7626,725.5
27.4492,84.8131,736.4
27.4492,84.8636,679.2
27.4492,84.9141,690.0
27.4492,84.9646,691.1
27.4492,85.0152,715.1
27.4492,85.0657,660.7
27.4492,85.1162,675.5
27.4492,85.1667,632.7
27.4492,85.2172,650.2
27.4492,85.2677,623.1
27.4492,85.3182,635.9
27.4492,85.3687,593.7
27.4492,85.4192,609.2
27.4492,85.4697,610.6
27.4492,85.5202,592.5
27.4492,85.5707,569.3
27.4492,85.6212,568.5
27.4492,85.6717,565.2
27.4492,85.7222,636.1
27.4492,85.7727,586.9
27.4492,85.8232,586.2
27.4492,85.8737,628.7
27.4492,85.9242,595.5
27.4492,85.9747,609.8
27.4492,86.0253,581.1
27.4492,86.0758,643.1
27.4492,86.1263,632.1
27.4492,86.1768,630.3
27.4492,86.2273,590.4
27.4492,86.2778,615.3
27.4492,86.3283,561.8
27.4492,86.3788,546.8
27.4492,86.4293,543.4
27.4492,86.4798,584.2
27.4492,86.5303,569.1
27.4492,86.5808,569.6
27.4492,86.6313,524.2
27.4492,86.6818,552.9
27.4492,86.7323,572.2
27.4492,86.7828,546.0
27.4492,86.8333,565.2
27.4492,86.8838,523.3
27.4492,86.9343,568.5
27.4492,86.9848,549.2
27.4492,87.0354,517.5
27.4492,87.0859,518.0
27.4492,87.1364,547.6
27.4492,87.1869,562.0
27.4492,87.2374,528.7
27.4492,87.2879,516.8
27.4492,87.3384,565.9
27.4492,87.3889,550.5
27.4492,87.4394,532.9
27.4492,87.4899,536.1
27.4492,87.5404,513.3
27.4492,87.5909,546.8
27.4492,87.6414,524.9
27.4492,87.6919,575.3
27.4492,87.7424,533.3
27.4492,87.7929,532.9
27.4492,87.8434,538.3
27.4492,87.8939,565.3
27.4492,87.9444,554.8
27.4492,87.9949,525.6
27.4492,88.0455,545.7
27.4492,88.096,533.8
27.4492,88.1465,524.9
27.4492,88.197,500.0
27.4492,88.2475,519.9
27.4492,88.298,501.1
27.4492,88.3485,553.2
27.4492,88.399,505.5
27.4492,88.4495,553.6
27.4492,88.5,518.8
27.5,83.5,594.3
27.5,83.5505,595.6
27.5,83.601,571.5
27.5,83.6515,600.6
27.5,83.702,588.4
27.5,83.7525,640.6
27.5,83.803,637.2
27.5,83.8535,674.5
27.5,83.904,640.7
27.5,83.9545,647.1
27.5,84.0051,677.0
27.5,84.0556,728.7
27.5,84.1061,720.8
27.5,84.1566,706.2
27.5,84.2071,721.6
27.5,84.2576,693.3
27.5,84.3081,770.3
27.5,84.3586,748.4
27.5,84.4091,719.7
27.5,84.4596,744.0
27.5,84.5101,704.4
27.5,84.5606,769.8
27.5,84.6111,701.8
27.5,84.6616,733.6
27.5,84.7121,694.1
27.5,84.7626,723.4
27.5,84.8131,718.9
27.5,84.8636,700.6
27.5,84.9141,685.5
27.5,84.9646,696.9
27.5,85.0152,621.0
27.5,85.0657,630.3
27.5,85.1162,613.0
27.5,85.1667,661.8
27.5,85.2172,603.9
27.5,85.2677,621.8
27.5,85.3182,608.9
27.5,85.3687,564.2
27.5,85.4192,566.3
27.5,85.4697,569.2
27.5,85.5202,578.6
27.5,85.5707,563.7
27.5,85.6212,549.2
27.5,85.6717,620.4
27.5,85.7222,629.2
27.5,85.7727,580.8
27.5,85.8232,581.6
27.5,85.8737,555.6
27.5,85.9242,609.4
27.5,85.9747,620.6
27.5,86.0253,565.2
27.5,86.0758,564.8
27.5,86.1263,613.3
27.5,86.1768,597.1
27.5,86.2273,548.6
27.5,86.2778,591.8
27.5,86.3283,563.4
27.5,86.3788,564.6
27.5,86.4293,593.0
27.5,86.4798,592.5
27.5,86.5303,555.8
27.5,86.5808,595.6
27.5,86.6313,548.5
27.5,86.6818,573.9
27.5,86.7323,547.2
27.5,86.7828,576.6
27.5,86.8333,574.0
27.5,86.8838,505.7
27.5,86.9343,572.6
27.5,86.9848,562.6
27.5,87.0354,558.6
27.5,87.0859,510.0
27.5,87.1364,556.9
27.5,87.1869,559.0
27.5,87.2374,513.8
27.5,87.2879,567.4
27.5,87.3384,500.0
27.5,87.3889,503.9
27.5,87.4394,535.1
27.5,87.4899,538.2
27.5,87.5404,543.6
27.5,87.5909,500.0
27.5,87.6414,568.2
27.5,87.6919,500.0
27.5,87.7424,501.7
27.5,87.7929,500.0
27.5,87.8434,534.0
27.5,87.8939,562.3
27.5,87.9444,540.0
27.5,87.9949,551.5
27.5,88.0455,500.0
27.5,88.096,526.8
27.5,88.1465,519.1
27.5,88.197,521.0
27.5,88.2475,500.0
27.5,88.298,533.5
27.5,88.3485,517.9
27.5,88.399,537.7
27.5,88.4495,514.2
27.5,88.5,500.0
